<COLLADA xmlns="http://www.collada.org/2005/11/COLLADASchema" version="1.4.1">
  <asset>
    <created>2026-06-01T18:02:37.748964</created>
    <modified>2026-06-01T18:02:37.748967</modified>
    <up_axis>Y_UP</up_axis>
  </asset>
  <library_effects>
    <effect id="c8f6bf9ba50f492ba017355faa016c46" name="c8f6bf9ba50f492ba017355faa016c46">
      <profile_COMMON>
        <technique sid="common">
          <phong>
            <ambient>
              <color>0.0 0.0 0.0 1.0</color>
            </ambient>
            <diffuse>
              <color>1.0 1.0 1.0 1.0</color>
            </diffuse>
            <specular>
              <color>1.0 1.0 1.0 1.0</color>
            </specular>
            <shininess>
              <float>0.0</float>
            </shininess>
            <reflective>
              <color>0.0 0.0 0.0 1.0</color>
            </reflective>
            <reflectivity>
              <float>0.0</float>
            </reflectivity>
            <transparent>
              <color>0.0 0.0 0.0 1.0</color>
            </transparent>
            <transparency>
              <float>1.0</float>
            </transparency>
          </phong>
        </technique>
        <extra>
          <technique profile="GOOGLEEARTH">
            <double_sided>0</double_sided>
          </technique>
        </extra>
      </profile_COMMON>
    </effect>
  </library_effects>
  <library_geometries>
    <geometry id="82bc2181fbf34356a9e8ff29ea3381f0" name="33eb80bc595d42daa500459aee3601ad">
      <mesh>
        <source id="verts-array">
          <float_array count="4740" id="verts-array-array">-3.65185 5.5483 -0.615 -3.65185 4.8483 -0.615 -2.45185 4.8483 -0.615 -2.45185 5.5483 -0.615 -2.45185 4.8483 -0.415 -2.45185 5.5483 -0.415 -3.65185 4.8483 -0.415 -3.65185 5.5483 -0.415 -3.65185 4.845451 -0.5864493 -3.65185 4.245463 -0.2264566 -2.45185 4.245463 -0.2264566 -2.45185 4.845451 -0.5864493 -2.45185 4.348362 -0.05495804 -2.45185 4.94835 -0.4149507 -3.65185 4.348362 -0.05495804 -3.65185 4.94835 -0.4149507 -3.65185 6.1983 -0.615 -3.65185 5.5483 -0.615 -2.45185 5.5483 -0.615 -2.45185 6.1983 -0.615 -2.45185 5.5483 -0.415 -2.45185 6.1983 -0.415 -3.65185 5.5483 -0.415 -3.65185 6.1983 -0.415 6.113497 -5.9441 -3.263004 1.61349 -5.9441 -0.3567493 1.61349 -7.1441 -0.3567493 6.113497 -7.1441 -3.263004 1.721995 -7.1441 -0.1887414 6.222002 -7.1441 -3.094996 1.721995 -5.9441 -0.1887414 6.222002 -5.9441 -3.094996 0.1453004 6.1484 -2.386449 -2.854724 6.1484 -0.5864345 -2.854724 4.9484 -0.5864345 0.1453004 4.9484 -2.386449 -2.751825 4.9484 -0.4149359 0.2481996 4.9484 -2.214951 -2.751825 6.1484 -0.4149359 0.2481996 6.1484 -2.214951 -3.05185 6.1484 -0.615 -3.70185 6.1484 -0.615 -3.70185 4.9484 -0.615 -3.05185 4.9484 -0.615 -3.70185 4.9484 -0.415 -3.05185 4.9484 -0.415 -3.70185 6.1484 -0.415 -3.05185 6.1484 -0.415 1.44815 6.1484 -2.415 0.84815 6.1484 -2.415 0.84815 4.9484 -2.415 1.44815 4.9484 -2.415 0.84815 4.9484 -2.215 1.44815 4.9484 -2.215 0.84815 6.1484 -2.215 1.44815 6.1484 -2.215 0.14815 6.1484 -2.415 0.14815 4.9484 -2.415 0.14815 4.9484 -2.215 0.14815 6.1484 -2.215 11.95255 -0.4945 -0.05499999 11.95255 -0.4945 -0.295 11.95255 0.3298 -0.295 11.95255 0.3298 -0.05499999 8.07295 0.3298 -0.295 8.07295 0.3298 -0.05499999 8.07295 -0.4945 -0.295 8.07295 -0.4945 -0.05499999 -2.45185 4.3483 -0.055 -2.45185 4.6483 -0.055 -3.65185 4.6483 -0.055 -3.65185 4.3483 -0.055 -3.65185 4.6483 -0.235 -2.45185 4.6483 -0.235 -2.45185 4.9483 -0.235 -3.65185 4.9483 -0.235 -3.65185 4.9483 -0.415 -2.45185 4.9483 -0.415 -3.65185 4.9473 -0.4167 -2.45185 4.9473 -0.4167 -2.45185 4.3473 -0.0567 -3.65185 4.3473 -0.0567 -8.07195 -4.1669 -3.445 -8.07505 -7.5498 -3.445 -8.07505 -7.5498 -3.095 -8.07195 -4.1669 -3.095 1.82905 -4.1669 -3.445 1.82905 -4.1669 -3.095 1.82615 -5.5371 -3.445 1.82615 -5.5371 -3.095 7.92335 -5.5503 -3.445 7.92335 -5.5503 -3.095 7.92345 -7.5456 -3.445 7.92345 -7.5456 -3.095 11.95255 6.1498 -0.05499999 11.95255 6.1498 -0.295 8.07295 6.1498 -0.295 8.07295 6.1498 -0.05499999 8.07295 0.8698 -0.295 8.07295 0.8698 -0.05499999 11.95255 0.8698 -0.295 11.95255 0.8698 -0.05499999 -2.75185 6.1484 -0.615 -3.05185 6.1484 -0.615 -3.05185 4.9484 -0.615 -2.75185 4.9484 -0.615 -3.05185 4.9484 -0.415 -2.75185 4.9484 -0.415 -3.05185 6.1484 -0.415 -2.75185 6.1484 -0.415 0.24815 5.5483 -2.415 0.24815 5.2486 -2.415 1.44815 5.2486 -2.415 1.44815 5.5483 -2.415 1.44815 5.2486 -2.215 1.44815 5.5483 -2.215 0.24815 5.2486 -2.215 0.24815 5.5483 -2.215 0.24815 6.1486 -2.415 0.24815 5.5483 -2.415 1.44815 5.5483 -2.415 1.44815 6.1486 -2.415 1.44815 5.5483 -2.215 1.44815 6.1486 -2.215 0.24815 5.5483 -2.215 0.24815 6.1486 -2.215 0.24815 5.349802 -2.387553 0.24815 3.849784 -3.267562 1.44815 3.849784 -3.267562 1.44815 5.349802 -2.387553 1.44815 3.748582 -3.095058 1.44815 5.248599 -2.215048 0.24815 3.748582 -3.095058 0.24815 5.248599 -2.215048 13.35255 7.5436 -3.095 -3.95385 7.5497 -3.445 -3.95385 7.5497 -3.095 13.35255 7.5436 -3.445 13.35255 6.1497 -3.445 13.35255 6.1497 -3.095 12.35245 6.1497 -3.445 12.35245 6.1497 -3.095 12.35255 -0.7944999 -3.445 12.35255 -0.7944999 -3.095 1.41805 -0.7944999 -3.095 1.41805 -0.7944999 -3.445 1.42195 1.039 -3.445 1.42195 1.039 -3.095 -3.95945 1.0504 -3.445 -3.95945 1.0504 -3.095 -0.6488501 4.4604 -0.05499999 -0.6488501 4.4604 -0.295 -0.6488501 4.9486 -0.295 -0.6488501 4.9486 -0.05499999 -2.45145 4.9472 -0.295 -2.45145 4.9472 -0.05499999 -2.45145 4.4604 -0.295 -2.45145 4.4604 -0.05499999 7.80295 6.4498 -0.05499999 7.80295 6.4498 -0.295 12.10255 6.4498 -0.295 12.10255 6.4498 -0.05499999 13.05255 6.4498 -0.295 13.05255 6.4498 -0.05499999 13.05255 7.2498 -0.295 13.05255 7.2498 -0.05499999 -3.65215 7.2498 -0.295 -3.65215 7.2498 -0.05499999 -3.65215 6.4498 -0.295 -3.65215 6.4498 -0.05499999 -0.4988499 6.4498 -0.295 -0.4988499 6.4498 -0.05499999 1.57205 6.4498 -0.295 1.57205 6.4498 -0.05499999 2.20125 6.4498 -0.295 2.20125 6.4498 -0.05499999 4.95095 6.4498 -0.295 4.95095 6.4498 -0.05499999 1.42205 -7.1487 -0.05499999 1.42205 -7.1487 -0.295 1.42205 -6.5441 -0.295 1.42205 -6.5441 -0.05499999 1.42205 -5.7869 -0.295 1.42205 -5.7869 -0.05499999 1.42205 -4.5669 -0.295 1.42205 -4.5669 -0.05499999 -5.79945 -4.5669 -0.295 -5.79945 -4.5669 -0.05499999 -7.67495 -4.5669 -0.295 -7.67495 -4.5669 -0.05499999 -7.67495 -7.1506 -0.295 -7.67495 -7.1506 -0.05499999 -4.67375 -7.1457 -0.295 -4.67375 -7.1457 -0.05499999 -1.85325 -7.1487 -0.295 -1.85325 -7.1487 -0.05499999 -3.64875 4.0404 -0.05499999 -3.64875 4.0404 -0.295 -3.64875 1.8998 -0.295 -3.64875 1.8998 -0.05499999 -3.64875 1.3497 -0.295 -3.64875 1.3497 -0.05499999 1.42195 1.3389 -0.295 1.42195 1.3389 -0.05499999 1.42195 1.8997 -0.295 1.42195 1.8997 -0.05499999 1.42195 6.1497 -0.295 1.42195 6.1497 -0.05499999 -0.34885 6.1497 -0.295 -0.34885 6.1497 -0.05499999 -0.34885 4.0404 -0.295 -0.34885 4.0404 -0.05499999 -3.05185 4.0404 -0.295 -3.05185 4.0404 -0.05499999 1.42205 6.2998 -0.455 1.42205 1.8998 -0.455 1.72205 1.8998 -0.455 1.72205 6.2998 -0.455 1.72205 1.8998 -0.05499999 1.72205 6.2998 -0.05499999 1.42205 1.8998 -0.05499999 1.42205 6.2998 -0.05499999 7.53295 -0.4945 -0.295 7.53295 0.3298 -0.295 7.53295 0.3298 -0.05499999 7.53295 -0.4945 -0.05499999 5.22095 -0.4945 -0.295 5.22095 -0.4945 -0.05499999 5.22095 0.3298 -0.295 5.22095 0.3298 -0.05499999 13.20255 6.4498 -0.455 12.10255 6.4498 -0.455 12.10255 6.1498 -0.455 13.20255 6.1498 -0.455 12.10255 6.1498 -0.05499999 13.20255 6.1498 -0.05499999 12.10255 6.4498 -0.05499999 13.20255 6.4498 -0.05499999 12.10255 6.4498 -0.455 7.802949 6.4498 -0.455 7.802949 6.1498 -0.455 12.10255 6.1498 -0.455 7.802949 6.1498 -0.05499999 12.10255 6.1498 -0.05499999 7.802949 6.4498 -0.05499999 12.10255 6.4498 -0.05499999 -0.39935 4.4604 -0.295 -3.05185 4.4604 -0.295 -3.05185 4.0404 -0.295 -0.39935 4.0404 -0.295 -3.05185 4.0404 -0.055 -0.39935 4.0404 -0.055 -3.05185 4.4604 -0.055 -0.39935 4.4604 -0.055 4.95095 6.4498 -0.455 2.20125 6.4498 -0.455 2.20125 6.1498 -0.455 4.95095 6.1498 -0.455 2.20125 6.1498 -0.05499999 4.95095 6.1498 -0.05499999 2.20125 6.4498 -0.05499999 4.95095 6.4498 -0.05499999 4.68095 -0.4945 -0.295 4.68095 0.3298 -0.295 4.68095 0.3298 -0.05499999 4.68095 -0.4945 -0.05499999 1.72205 -0.4945 -0.295 1.72205 -0.4945 -0.05499999 1.72205 0.3298 -0.295 1.72205 0.3298 -0.05499999 3.80115 0.3298 -0.295 3.80115 0.3298 -0.05499999 -0.64885 6.2998 -0.295 -0.64885 4.3102 -0.295 -0.34885 4.3102 -0.295 -0.34885 6.2998 -0.295 -0.34885 4.3102 -0.055 -0.34885 6.2998 -0.055 -0.64885 4.3102 -0.055 -0.64885 6.2998 -0.055 11.95255 6.2998 -0.455 11.95255 0.5998001 -0.455 12.25255 0.5998001 -0.455 12.25255 6.2998 -0.455 12.25255 0.5998001 -0.05499999 12.25255 6.2998 -0.05499999 11.95255 0.5998001 -0.05499999 11.95255 6.2998 -0.05499999 2.20125 2.1698 -0.295 4.68095 2.1698 -0.295 4.68095 2.1698 -0.05499999 2.20125 2.1698 -0.05499999 1.72205 2.1698 -0.295 1.72205 2.1698 -0.05499999 1.72205 6.1498 -0.295 1.72205 6.1498 -0.05499999 2.20125 6.1498 -0.295 2.20125 6.1498 -0.05499999 4.68095 6.1498 -0.295 4.68095 6.1498 -0.05499999 5.22095 6.1498 -0.295 5.22095 1.8998 -0.295 5.22095 1.8998 -0.05499999 5.22095 6.1498 -0.05499999 7.53295 6.1498 -0.295 7.53295 6.1498 -0.05499999 7.53295 0.8698 -0.295 7.53295 0.8698 -0.05499999 5.22095 0.8698 -0.295 5.22095 0.8698 -0.05499999 4.68095 0.8698 -0.295 4.68095 1.6298 -0.295 4.68095 1.6298 -0.05499999 4.68095 0.8698 -0.05499999 3.80115 0.8698 -0.295 3.80115 0.8698 -0.05499999 1.72205 0.8698 -0.295 1.72205 0.8698 -0.05499999 1.72205 1.2001 -0.295 1.72205 1.2001 -0.05499999 1.72205 1.6298 -0.295 1.72205 1.6298 -0.05499999 2.20125 1.6298 -0.295 2.20125 1.6298 -0.05499999 4.95095 2.1698 -0.295 2.20125 2.1698 -0.295 2.20125 1.6298 -0.295 4.95095 1.6298 -0.295 2.20125 1.6298 -0.055 4.95095 1.6298 -0.055 2.20125 2.1698 -0.055 4.95095 2.1698 -0.055 4.68095 0.5998 -0.295 4.68095 -0.6436 -0.295 5.22095 -0.6436 -0.295 5.22095 0.5998 -0.295 5.22095 -0.6436 -0.055 5.22095 0.5998 -0.055 4.68095 -0.6436 -0.055 4.68095 0.5998 -0.055 7.80295 0.8698 -0.295 4.95095 0.8698 -0.295 4.95095 0.3298 -0.295 7.80295 0.3298 -0.295 4.95095 0.3298 -0.055 7.80295 0.3298 -0.055 4.95095 0.8698 -0.055 7.80295 0.8698 -0.055 3.80115 0.8698 -0.295 1.57205 0.8698 -0.295 1.57205 0.3298 -0.295 3.80115 0.3298 -0.295 1.57205 0.3298 -0.055 3.80115 0.3298 -0.055 1.57205 0.8698 -0.055 3.80115 0.8698 -0.055 0.24815 5.2486 -2.215 0.24815 4.9486 -2.215 1.44815 4.9486 -2.215 1.44815 5.2486 -2.215 1.44815 4.9486 -2.391 0.24815 4.9486 -2.391 0.24815 4.6486 -2.391 1.44815 4.6486 -2.391 1.44815 4.6486 -2.567 0.24815 4.6486 -2.567 0.24815 4.3486 -2.567 1.44815 4.3486 -2.567 1.44815 4.3486 -2.743 0.24815 4.3486 -2.743 0.24815 4.0486 -2.743 1.44815 4.0486 -2.743 1.44815 4.0486 -2.919 0.24815 4.0486 -2.919 0.24815 3.7486 -2.919 1.44815 3.7486 -2.919 1.44815 3.7486 -3.095 0.24815 3.7486 -3.095 1.44815 3.7496 -3.0967 0.24815 3.7496 -3.0967 0.24815 5.2496 -2.2167 1.44815 5.2496 -2.2167 1.42205 1.8998 -0.455 1.42205 1.2001 -0.455 1.72205 1.2001 -0.455 1.72205 1.8998 -0.455 1.72205 1.2001 -0.05499999 1.72205 1.8998 -0.05499999 1.42205 1.2001 -0.05499999 1.42205 1.8998 -0.05499999 4.95095 0.8698 -0.295 3.80115 0.8698 -0.295 3.80115 0.3298 -0.295 4.95095 0.3298 -0.295 3.80115 0.3298 -0.055 4.95095 0.3298 -0.055 3.80115 0.8698 -0.055 4.95095 0.8698 -0.055 7.53295 6.2998 -0.295 7.53295 0.5998001 -0.295 8.07295 0.5998001 -0.295 8.07295 6.2998 -0.295 8.07295 0.5998001 -0.055 8.07295 6.2998 -0.055 7.53295 0.5998001 -0.055 7.53295 6.2998 -0.055 1.57205 2.1698 -0.295 1.57205 1.6298 -0.295 1.57205 1.6298 -0.055 1.57205 2.1698 -0.055 7.80295 6.4498 -0.455 4.95095 6.4498 -0.455 4.95095 6.1498 -0.455 7.80295 6.1498 -0.455 4.95095 6.1498 -0.05499999 7.80295 6.1498 -0.05499999 4.95095 6.4498 -0.05499999 7.80295 6.4498 -0.05499999 1.42195 1.039 -0.355 -3.95945 1.0504 -0.355 -3.95945 1.0504 -0.05499998 1.42195 1.039 -0.05499998 1.42195 -0.7945 -0.355 1.42195 -0.7945 -0.05499998 6.87995 -0.7945 -0.355 6.87995 -0.7945 -0.05499998 12.33795 -0.7942 -0.355 12.33795 -0.7942 -0.05499998 12.33365 -3.7538 -0.355 12.33365 -3.7538 -0.05499998 1.72985 -3.7538 -0.355 1.72985 -3.7538 -0.05499998 1.72875 -4.2669 -0.355 1.72875 -4.2669 -0.05499998 -7.97205 -4.2669 -0.355 -7.97205 -4.2669 -0.05499998 -7.97255 -4.741 -0.355 -7.97255 -4.741 -0.05499998 -12.40075 -4.7369 -0.355 -12.40075 -4.7369 -0.05499998 -12.40075 6.2665 -0.355 -12.40075 6.2665 -0.05499998 -3.95225 6.2665 -0.355 -3.95225 6.2665 -0.05499998 12.14085 0.8698 -0.295 7.80305 0.8698 -0.295 7.80305 0.3298 -0.295 12.14085 0.3298 -0.295 7.80305 0.3298 -0.055 12.14085 0.3298 -0.055 7.80305 0.8698 -0.055 12.14085 0.8698 -0.055 11.95255 0.5998 -0.455 11.95255 -0.6435 -0.455 12.25255 -0.6435 -0.455 12.25255 0.5998 -0.455 12.25255 -0.6435 -0.05499999 12.25255 0.5998 -0.05499999 11.95255 -0.6435 -0.05499999 11.95255 0.5998 -0.05499999 -1.85331 -7.1487 -0.355 -4.67331 -7.149828 -0.355 -4.67319 -7.449828 -0.355 -1.85319 -7.4487 -0.355 -4.67319 -7.449828 -0.05499999 -1.85319 -7.4487 -0.05499999 -4.67331 -7.149828 -0.05499999 -1.85331 -7.1487 -0.05499999 -3.05185 4.4604 -0.295 -3.79875 4.4604 -0.295 -3.79875 4.0404 -0.295 -3.05185 4.0404 -0.295 -3.79875 4.0404 -0.055 -3.05185 4.0404 -0.055 -3.79875 4.4604 -0.055 -3.05185 4.4604 -0.055 4.68095 1.8998 -0.295 5.22095 1.8998 -0.295 5.22095 1.8998 -0.055 4.68095 1.8998 -0.055 7.53295 0.5998 -0.295 7.53295 -0.6435 -0.295 8.07295 -0.6435 -0.295 8.07295 0.5998 -0.295 8.07295 -0.6435 -0.055 8.07295 0.5998 -0.055 7.53295 -0.6435 -0.055 7.53295 0.5998 -0.055 -5.79945 -4.2669 -0.05500007 -5.79945 -4.2669 -3.095 -5.79945 -4.5669 -3.095 -5.79945 -4.5669 -0.05500007 1.72195 -4.5669 -3.095 1.72195 -4.5669 -0.05500007 1.72195 -4.2669 -3.095 1.72195 -4.2669 -0.05500007 4.68095 6.2998 -0.295 4.68095 1.8998 -0.295 5.22095 1.8998 -0.295 5.22095 6.2998 -0.295 5.22095 1.8998 -0.055 5.22095 6.2998 -0.055 4.68095 1.8998 -0.055 4.68095 6.2998 -0.055 1.42205 -7.4487 -0.05500007 1.42205 -7.4487 -3.095 1.72205 -7.4487 -3.095 1.72205 -7.4487 -0.05500007 1.72205 -5.7869 -3.095 1.72205 -5.7869 -0.05500007 1.42205 -5.7869 -3.095 1.42205 -5.7869 -0.05500007 -0.49885 6.4498 -0.05500007 -0.49885 6.4498 -3.095 -0.49885 6.1498 -3.095 -0.49885 6.1498 -0.05500007 2.20135 6.1498 -3.095 2.20135 6.1498 -0.05500007 2.20135 6.4498 -3.095 2.20135 6.4498 -0.05500007 -3.95215 4.9887 -0.05500007 -3.95215 4.9887 -3.095 -3.65215 4.9887 -3.095 -3.65215 4.9887 -0.05500007 -3.65215 6.2997 -3.095 -3.65215 6.2997 -0.05500007 -3.95215 6.2997 -3.095 -3.95215 6.2997 -0.05500007 -3.79875 6.4498 -0.05500007 -3.79875 6.4498 -3.095 -3.79875 6.1498 -3.095 -3.79875 6.1498 -0.05500007 -0.49875 6.1498 -3.095 -0.49875 6.1498 -0.05500007 -0.49875 6.4498 -3.095 -0.49875 6.4498 -0.05500007 -3.95215 6.2998 -0.05500007 -3.95215 6.2998 -3.095 -3.65215 6.2998 -3.095 -3.65215 6.2998 -0.05500007 -3.65215 7.3998 -3.095 -3.65215 7.3998 -0.05500007 -3.95215 7.3998 -3.095 -3.95215 7.3998 -0.05500007 -1.85325 -7.1487 -0.05500007 -1.85325 -7.1487 -3.095 -1.85325 -7.4487 -3.095 -1.85325 -7.4487 -0.05500007 1.72195 -7.4487 -3.095 1.72195 -7.4487 -0.05500007 1.72195 -7.1487 -3.095 1.72195 -7.1487 -0.05500007 -7.97549 -7.1511 -0.05500007 -7.97549 -7.1511 -3.095 -7.97501 -7.4511 -3.095 -7.97501 -7.4511 -0.05500007 -4.673214 -7.445817 -3.095 -4.673214 -7.445817 -0.05500007 -4.673694 -7.145817 -3.095 -4.673694 -7.145817 -0.05500007 1.42205 -5.7869 -0.05500007 1.42205 -5.7869 -3.095 1.72205 -5.7869 -3.095 1.72205 -5.7869 -0.05500007 1.72205 -4.4169 -3.095 1.72205 -4.4169 -0.05500007 1.42205 -4.4169 -3.095 1.42205 -4.4169 -0.05500007 -3.948748 4.29975 -0.05500007 -3.948748 4.29975 -3.095 -3.648752 4.30125 -3.095 -3.648752 4.30125 -0.05500007 -3.652196 4.990041 -3.095 -3.652196 4.990041 -0.05500007 -3.952192 4.988541 -3.095 -3.952192 4.988541 -0.05500007 -3.80215 7.5498 -0.05500007 -3.80215 7.5498 -3.095 -3.80215 7.2498 -3.095 -3.80215 7.2498 -0.05500007 13.20265 7.2498 -0.05500007 13.20265 7.2498 -3.095 13.20265 7.5498 -3.095 13.20265 7.5498 -0.05500007 -7.82235 -4.2669 -0.05500007 -7.82235 -4.2669 -3.095 -7.82235 -4.5669 -3.095 -7.82235 -4.5669 -0.05500007 -5.79955 -4.5669 -3.095 -5.79955 -4.5669 -0.05500007 -5.79955 -4.2669 -3.095 -5.79955 -4.2669 -0.05500007 7.52335 -7.4457 -0.05500007 7.52335 -7.4457 -3.095 7.82335 -7.4457 -3.095 7.82335 -7.4457 -0.05500007 7.82335 -5.7869 -3.095 7.82335 -5.7869 -0.05500007 7.52335 -5.7869 -3.095 7.52335 -5.7869 -0.05500007 1.42205 -0.6436 -0.05500007 1.42205 -0.6436 -3.095 1.72205 -0.6436 -3.095 1.72205 -0.6436 -0.05500007 1.72205 1.3502 -3.095 1.72205 1.3502 -0.05500007 1.42205 1.3502 -3.095 1.42205 1.3502 -0.05500007 -7.97505 -7.3011 -0.05500007 -7.97505 -7.3011 -3.095 -7.67505 -7.3011 -3.095 -7.67505 -7.3011 -0.05500007 -7.67505 -4.4169 -3.095 -7.67505 -4.4169 -0.05500007 -7.97505 -4.4169 -3.095 -7.97505 -4.4169 -0.05500007 1.57205 -0.4945 -0.05500007 1.57205 -0.4945 -3.095 1.57205 -0.7945 -3.095 1.57205 -0.7945 -0.05500007 12.33365 -0.7945 -3.095 12.33365 -0.7945 -0.05500007 12.33365 -0.4945 -3.095 12.33365 -0.4945 -0.05500007 -3.94875 1.8998 -0.05500007 -3.94875 1.8998 -3.095 -3.64875 1.8998 -3.095 -3.64875 1.8998 -0.05500007 -3.64875 4.2998 -3.095 -3.64875 4.2998 -0.05500007 -3.94875 4.2998 -3.095 -3.94875 4.2998 -0.05500007 13.05255 6.1498 -0.05500007 13.05255 6.1498 -3.095 13.35255 6.1498 -3.095 13.35255 6.1498 -0.05500007 13.35255 7.5436 -3.095 13.35255 7.5436 -0.05500007 13.05255 7.5436 -3.095 13.05255 7.5436 -0.05500007 -3.94875 6.1498 -0.05500007 -3.94875 6.1498 -3.095 -3.64875 6.1498 -3.095 -3.64875 6.1498 -0.05500007 -3.64875 6.4498 -3.095 -3.64875 6.4498 -0.05500007 -3.94875 6.4498 -3.095 -3.94875 6.4498 -0.05500007 4.80095 0.4498 -0.05500007 4.80095 0.4498 -3.095 5.10095 0.4498 -3.095 5.10095 0.4498 -0.05500007 5.10095 0.7498 -3.095 5.10095 0.7498 -0.05500007 4.80095 0.7498 -3.095 4.80095 0.7498 -0.05500007 11.95255 6.1498 -0.05500007 11.95255 6.1498 -3.095 12.25255 6.1498 -3.095 12.25255 6.1498 -0.05500007 12.25255 6.4498 -3.095 12.25255 6.4498 -0.05500007 11.95255 6.4498 -3.095 11.95255 6.4498 -0.05500007 -3.94875 1.7498 -0.05500007 -3.94875 1.7498 -3.095 -3.64875 1.7498 -3.095 -3.64875 1.7498 -0.05500007 -3.64875 2.0498 -3.095 -3.64875 2.0498 -0.05500007 -3.94875 2.0498 -3.095 -3.94875 2.0498 -0.05500007 1.422035 1.039 -0.05500007 1.422035 1.039 -3.095 1.422665 1.339 -3.095 1.422665 1.339 -0.05500007 -3.948123 1.350278 -3.095 -3.948123 1.350278 -0.05500007 -3.948753 1.050279 -3.095 -3.948753 1.050279 -0.05500007 -3.94875 1.2001 -0.05500007 -3.94875 1.2001 -3.095 -3.64875 1.2001 -3.095 -3.64875 1.2001 -0.05500007 -3.64875 1.8999 -3.095 -3.64875 1.8999 -0.05500007 -3.94875 1.8999 -3.095 -3.94875 1.8999 -0.05500007 1.72205 -5.6369 -0.05500007 1.72205 -5.6369 -3.095 1.72205 -5.9369 -3.095 1.72205 -5.9369 -0.05500007 7.67345 -5.9369 -3.095 7.67345 -5.9369 -0.05500007 7.67345 -5.6369 -3.095 7.67345 -5.6369 -0.05500007 -0.64885 4.1604 -0.05500007 -0.64885 4.1604 -3.095 -0.34885 4.1604 -3.095 -0.34885 4.1604 -0.05500007 -0.34885 4.4604 -3.095 -0.34885 4.4604 -0.05500007 -0.64885 4.4604 -3.095 -0.64885 4.4604 -0.05500007 7.65295 6.1498 -0.05500007 7.65295 6.1498 -3.095 7.95295 6.1498 -3.095 7.95295 6.1498 -0.05500007 7.95295 6.4498 -3.095 7.95295 6.4498 -0.05500007 7.65295 6.4498 -3.095 7.65295 6.4498 -0.05500007 -2.75185 4.9484 -0.415 -2.45185 4.9484 -0.415 -2.45185 6.1484 -0.415 -2.75185 6.1484 -0.415 -2.45185 6.1484 -0.595 -2.45185 4.9484 -0.595 -2.15185 4.9484 -0.595 -2.15185 6.1484 -0.595 -2.15185 6.1484 -0.775 -2.15185 4.9484 -0.775 -1.85185 4.9484 -0.775 -1.85185 6.1484 -0.775 -1.85185 6.1484 -0.955 -1.85185 4.9484 -0.955 -1.55185 4.9484 -0.955 -1.55185 6.1484 -0.955 -1.55185 6.1484 -1.135 -1.55185 4.9484 -1.135 -1.25185 4.9484 -1.135 -1.25185 6.1484 -1.135 -1.25185 6.1484 -1.315 -1.25185 4.9484 -1.315 -0.9518499 4.9484 -1.315 -0.9518499 6.1484 -1.315 -0.9518499 6.1484 -1.495 -0.9518499 4.9484 -1.495 -0.65185 4.9484 -1.495 -0.65185 6.1484 -1.495 -0.65185 6.1484 -1.675 -0.65185 4.9484 -1.675 -0.3518498 4.9484 -1.675 -0.3518498 6.1484 -1.675 -0.3518498 6.1484 -1.855 -0.3518498 4.9484 -1.855 -0.05184984 4.9484 -1.855 -0.05184984 6.1484 -1.855 -0.05184984 6.1484 -2.035 -0.05184984 4.9484 -2.035 0.2481501 4.9484 -2.035 0.2481501 6.1484 -2.035 0.2481501 6.1484 -2.215 0.2481501 4.9484 -2.215 0.2471502 6.1484 -2.2167 0.2471502 4.9484 -2.2167 -2.75285 4.9484 -0.4167 -2.75285 6.1484 -0.4167 4.80095 6.1498 -0.05500007 4.80095 6.1498 -3.095 5.10095 6.1498 -3.095 5.10095 6.1498 -0.05500007 5.10095 6.4498 -3.095 5.10095 6.4498 -0.05500007 4.80095 6.4498 -3.095 4.80095 6.4498 -0.05500007 11.95285 0.4498 -0.05500007 11.95285 0.4498 -3.095 12.25285 0.4498 -3.095 12.25285 0.4498 -0.05500007 12.25285 0.7498 -3.095 12.25285 0.7498 -0.05500007 11.95285 0.7498 -3.095 11.95285 0.7498 -0.05500007 7.65295 0.4498 -0.05500007 7.65295 0.4498 -3.095 7.95295 0.4498 -3.095 7.95295 0.4498 -0.05500007 7.95295 0.7498 -3.095 7.95295 0.7498 -0.05500007 7.65295 0.7498 -3.095 7.65295 0.7498 -0.05500007 -0.64885 6.1498 -0.05500007 -0.64885 6.1498 -3.095 -0.34885 6.1498 -3.095 -0.34885 6.1498 -0.05500007 -0.34885 6.4498 -3.095 -0.34885 6.4498 -0.05500007 -0.64885 6.4498 -3.095 -0.64885 6.4498 -0.05500007 2.05125 6.1498 -0.05500007 2.05125 6.1498 -3.095 2.35125 6.1498 -3.095 2.35125 6.1498 -0.05500007 2.35125 6.4498 -3.095 2.35125 6.4498 -0.05500007 2.05125 6.4498 -3.095 2.05125 6.4498 -0.05500007 -3.64875 6.1498 3.285 -3.64875 6.1498 3.045 -3.64875 5.0087 3.045 -3.64875 5.0087 3.285 -0.64885 5.0087 3.045 -0.64885 5.0087 3.285 -0.64885 6.1498 3.045 -0.64885 6.1498 3.285 7.95295 6.1498 3.285 7.95295 6.1498 3.045 7.95295 0.8697996 3.045 7.95295 0.8697996 3.285 11.95255 0.8697996 3.045 11.95255 0.8697996 3.285 11.95255 6.1498 3.045 11.95255 6.1498 3.285 7.66665 0.3298001 3.285 7.66665 0.3298001 3.045 3.95115 0.3298001 3.045 3.95115 0.3298001 3.285 3.95115 -3.1502 3.045 3.95115 -3.1502 3.285 7.84505 -3.1502 3.045 7.84505 -3.1502 3.285 11.95255 0.3298001 3.285 11.95255 0.3298001 3.045 7.96695 0.3298001 3.045 7.96695 0.3298001 3.285 8.14545 -3.1502 3.045 8.14545 -3.1502 3.285 11.95255 -3.1502 3.045 11.95255 -3.1502 3.285 -5.94945 -2.4216 3.285 -5.94945 -2.4216 3.045 -11.94945 -2.4216 3.045 -11.94945 -2.4216 3.285 -11.94945 -4.2669 3.045 -11.94945 -4.2669 3.285 -5.94945 -4.2669 3.045 -5.94945 -4.2669 3.285 -5.64965 -4.2669 3.045 -12.09955 -4.2669 3.045 -12.09955 -4.5669 3.045 -5.64965 -4.5669 3.045 -12.09955 -4.5669 3.445 -5.64965 -4.5669 3.445 -12.09955 -4.2669 3.445 -5.64965 -4.2669 3.445 -11.94955 1.3967 3.285 -11.94955 1.3967 3.045 -11.94955 -2.0016 3.045 -11.94955 -2.0016 3.285 -5.94945 -2.0016 3.045 -5.94945 -2.0016 3.285 -5.94945 -0.4079001 3.045 -5.94945 -0.4079001 3.285 -5.94965 1.6824 3.045 -5.94965 1.6824 3.285 3.95115 1.7498 3.285 3.95115 1.7498 3.045 3.95115 0.8698 3.045 3.95115 0.8698 3.285 7.65305 0.8698 3.045 7.65305 0.8698 3.285 7.65305 6.1498 3.045 7.65305 6.1498 3.285 5.10095 6.1498 3.045 5.10095 6.1498 3.285 5.10095 1.7498 3.045 5.10095 1.7498 3.285 -0.64885 0.5998 3.045 -0.64885 -0.4079 3.045 -0.34885 -0.4079 3.045 -0.34885 0.5998 3.045 -0.34885 -0.4079 3.445 -0.34885 0.5998 3.445 -0.64885 -0.4079 3.445 -0.64885 0.5998 3.445 -5.94965 4.2998 3.045 -5.94965 1.8998 3.045 -5.64965 1.8998 3.045 -5.64965 4.2998 3.045 -5.64965 1.8998 3.445 -5.64965 4.2998 3.445 -5.94965 1.8998 3.445 -5.94965 4.2998 3.445 -3.94875 4.7986 3.045 -3.94875 4.2998 3.045 -3.64875 4.2998 3.045 -3.64875 4.7986 3.045 -3.64875 4.2998 3.445 -3.64875 4.7986 3.445 -3.94875 4.2998 3.445 -3.94875 4.7986 3.445 3.65115 0.3298001 3.285 3.65115 0.3298001 3.045 -0.34885 0.3298001 3.045 -0.34885 0.3298001 3.285 -0.34885 -0.4078 3.045 -0.34885 -0.4078 3.285 -0.34885 -3.1502 3.045 -0.34885 -3.1502 3.285 3.65115 -3.1502 3.045 3.65115 -3.1502 3.285 -11.94945 1.8171 3.285 -11.94945 1.8171 3.045 -5.949649 2.1028 3.045 -5.949649 2.1028 3.285 -5.949649 4.2998 3.045 -5.949649 4.2998 3.285 -5.949649 4.8393 3.045 -5.949649 4.8393 3.285 -11.94945 4.8393 3.045 -11.94945 4.8393 3.285 -0.64885 4.3104 3.045 -0.64885 0.5997 3.045 -0.34885 0.5997 3.045 -0.34885 4.3104 3.045 -0.34885 0.5997 3.445 -0.34885 4.3104 3.445 -0.64885 0.5997 3.445 -0.64885 4.3104 3.445 -0.34885 6.1498 3.285 -0.34885 6.1498 3.045 -0.34885 4.7987 3.045 -0.34885 4.7987 3.285 -0.34885 4.3105 3.045 -0.34885 4.3105 3.285 -0.34885 0.8697996 3.045 -0.34885 0.8697996 3.285 3.65115 0.8697996 3.045 3.65115 0.8697996 3.285 3.65115 1.7498 3.045 3.65115 1.7498 3.285 2.05125 1.7498 3.045 2.05125 1.7498 3.285 2.05125 6.1498 3.045 2.05125 6.1498 3.285 -0.64885 4.7986 3.045 -0.64885 4.3104 3.045 -0.34885 4.3104 3.045 -0.34885 4.7986 3.045 -0.34885 4.3104 3.445 -0.34885 4.7986 3.445 -0.64885 4.3104 3.445 -0.64885 4.7986 3.445 -5.64965 -0.2579001 3.285 -5.64965 -0.2579001 3.045 -0.64885 -0.2579001 3.045 -0.64885 -0.2579001 3.285 -0.64885 0.5998 3.045 -0.64885 0.5998 3.285 -0.64885 4.3104 3.045 -0.64885 4.3104 3.285 -0.64885 4.5886 3.045 -0.64885 4.5886 3.285 -3.64875 4.5886 3.045 -3.64875 4.5886 3.285 -3.64875 4.1498 3.045 -3.64875 4.1498 3.285 -5.64965 4.1498 3.045 -5.64965 4.1498 3.285 -5.64965 1.8998 3.045 -5.64965 1.8998 3.285 -5.94945 -2.2116 3.045 -5.94945 -4.4169 3.045 -5.64945 -4.4169 3.045 -5.64945 -2.2116 3.045 -5.64945 -4.4169 3.445 -5.64945 -2.2116 3.445 -5.94945 -4.4169 3.445 -5.94945 -2.2116 3.445 -12.24945 -2.2116 3.045 -12.24945 -4.4169 3.045 -11.94945 -4.4169 3.045 -11.94945 -2.2116 3.045 -11.94945 -4.4169 3.445 -11.94945 -2.2116 3.445 -12.24945 -4.4169 3.445 -12.24945 -2.2116 3.445 -0.49885 6.4498 3.045 -3.79875 6.4498 3.045 -3.79875 6.1498 3.045 -0.49885 6.1498 3.045 -3.79875 6.1498 3.445 -0.49885 6.1498 3.445 -3.79875 6.4498 3.445 -0.49885 6.4498 3.445 -5.94965 1.8998 3.045 -5.94965 -0.4079 3.045 -5.64965 -0.4079 3.045 -5.64965 1.8998 3.045 -5.64965 -0.4079 3.445 -5.64965 1.8998 3.445 -5.94965 -0.4079 3.445 -5.94965 1.8998 3.445 -5.79945 5.1393 3.045 -12.09945 5.1393 3.045 -12.09945 4.8393 3.045 -5.79945 4.8393 3.045 -12.09945 4.8393 3.445 -5.79945 4.8393 3.445 -12.09945 5.1393 3.445 -5.79945 5.1393 3.445 -12.24945 4.9893 3.045 -12.24945 1.5997 3.045 -11.94945 1.5997 3.045 -11.94945 4.9893 3.045 -11.94945 1.5997 3.445 -11.94945 4.9893 3.445 -12.24945 1.5997 3.445 -12.24945 4.9893 3.445 -12.24945 1.5998 3.045 -12.24945 -2.2115 3.045 -11.94945 -2.2115 3.045 -11.94945 1.5998 3.045 -11.94945 -2.2115 3.445 -11.94945 1.5998 3.445 -12.24945 -2.2115 3.445 -12.24945 1.5998 3.445 4.80095 6.2998 3.045 4.80095 1.8748 3.045 5.10095 1.8748 3.045 5.10095 6.2998 3.045 5.10095 1.8748 3.445 5.10095 6.2998 3.445 4.80095 1.8748 3.445 4.80095 6.2998 3.445 2.05125 6.2998 3.045 2.05125 1.8748 3.045 2.35125 1.8748 3.045 2.35125 6.2998 3.045 2.35125 1.8748 3.445 2.35125 6.2998 3.445 2.05125 1.8748 3.445 2.05125 6.2998 3.445 3.80115 2.0498 3.045 2.20125 2.0498 3.045 2.20125 1.7498 3.045 3.80115 1.7498 3.045 2.20125 1.7498 3.445 3.80115 1.7498 3.445 2.20125 2.0498 3.445 3.80115 2.0498 3.445 3.65115 1.8998 3.045 3.65115 0.5998 3.045 3.95115 0.5998 3.045 3.95115 1.8998 3.045 3.95115 0.5998 3.285 3.95115 1.8998 3.285 3.65115 0.5998 3.285 3.65115 1.8998 3.285 12.10255 0.8698 3.045 7.802949 0.8698 3.045 7.802949 0.3298 3.045 12.10255 0.3298 3.045 7.802949 0.3298 3.285 12.10255 0.3298 3.285 7.802949 0.8698 3.285 12.10255 0.8698 3.285 4.95095 2.0498 3.045 3.80115 2.0498 3.045 3.80115 1.7498 3.045 4.95095 1.7498 3.045 3.80115 1.7498 3.445 4.95095 1.7498 3.445 3.80115 2.0498 3.445 4.95095 2.0498 3.445 2.35125 6.4498 3.045 -0.4988501 6.4498 3.045 -0.4988501 6.1498 3.045 2.35125 6.1498 3.045 -0.4988501 6.1498 3.445 2.35125 6.1498 3.445 -0.4988501 6.4498 3.445 2.35125 6.4498 3.445 -5.809446 2.109562 3.045 -12.1094 1.809354 3.045 -12.08941 1.38983 3.045 -5.789454 1.690038 3.045 -12.08941 1.38983 3.285 -5.789454 1.690038 3.285 -12.1094 1.809354 3.285 -5.809446 2.109562 3.285 4.95095 6.4497 3.195 4.95095 6.4497 2.995 7.80295 6.4497 2.995 7.80295 6.4497 3.195 12.25255 6.4497 2.995 12.25255 6.4497 3.195 12.25255 0.7497001 2.995 12.25255 0.7497001 3.195 12.25255 0.4496999 2.995 12.25255 0.4496999 3.195 12.25265 -3.4503 2.995 12.25265 -3.4503 3.195 8.00295 -3.4503 2.995 8.00295 -3.4503 3.195 3.80115 -3.4503 2.995 3.80115 -3.4503 3.195 -0.3488498 -3.4503 2.995 -0.3488498 -3.4503 3.195 -0.64885 -3.4503 2.995 -0.64885 -3.4503 3.195 -0.64885 -4.556901 2.995 -0.64885 -4.556901 3.195 13.34675 -4.556901 3.195 13.34675 -4.556901 2.995 13.34675 7.5464 2.995 13.34675 7.5464 3.195 4.80135 7.5464 2.995 4.80135 7.5464 3.195 4.80095 6.4497 2.995 4.80095 6.4497 3.195 3.80115 0.8698 3.045 -0.4988501 0.8698 3.045 -0.4988501 0.3298 3.045 3.80115 0.3298 3.045 -0.4988501 0.3298 3.285 3.80115 0.3298 3.285 -0.4988501 0.8698 3.285 3.80115 0.8698 3.285 -5.94965 4.9894 3.045 -5.64965 4.9894 3.045 -5.64965 4.9894 3.445 -5.94965 4.9894 3.445 3.80115 -3.1502 3.045 -0.4988501 -3.1502 3.045 -0.4988501 -3.4502 3.045 3.80115 -3.4502 3.045 -0.4988501 -3.4502 3.445 3.80115 -3.4502 3.445 -0.4988501 -3.1502 3.445 3.80115 -3.1502 3.445 7.80295 0.8698 3.045 3.80115 0.8698 3.045 3.80115 0.3298 3.045 7.80295 0.3298 3.045 3.80115 0.3298 3.285 7.80295 0.3298 3.285 3.80115 0.8698 3.285 7.80295 0.8698 3.285 11.95255 0.5998 3.045 11.95255 -3.3002 3.045 12.25255 -3.3002 3.045 12.25255 0.5998 3.045 12.25255 -3.3002 3.445 12.25255 0.5998 3.445 11.95255 -3.3002 3.445 11.95255 0.5998 3.445 12.10255 6.4498 3.045 7.802949 6.4498 3.045 7.802949 6.1498 3.045 12.10255 6.1498 3.045 7.802949 6.1498 3.445 12.10255 6.1498 3.445 7.802949 6.4498 3.445 12.10255 6.4498 3.445 7.80295 6.4498 3.045 4.95095 6.4498 3.045 4.95095 6.1498 3.045 7.80295 6.1498 3.045 4.95095 6.1498 3.445 7.80295 6.1498 3.445 4.95095 6.4498 3.445 7.80295 6.4498 3.445 7.653147 0.5921201 3.045 7.853085 -3.307858 3.045 8.152692 -3.292498 3.045 7.952753 0.6074799 3.045 8.152692 -3.292498 3.285 7.952753 0.6074799 3.285 7.853085 -3.307858 3.285 7.653147 0.5921201 3.285 12.10255 -3.1502 3.045 8.00295 -3.1502 3.045 8.00295 -3.4502 3.045 12.10255 -3.4502 3.045 8.00295 -3.4502 3.445 12.10255 -3.4502 3.445 8.00295 -3.1502 3.445 12.10255 -3.1502 3.445 -0.64885 -0.4079 3.045 -0.64885 -3.3003 3.045 -0.34885 -3.3003 3.045 -0.34885 -0.4079 3.045 -0.34885 -3.3003 3.445 -0.34885 -0.4079 3.445 -0.64885 -3.3003 3.445 -0.64885 -0.4079 3.445 11.95255 6.2998 3.045 11.95255 0.5998001 3.045 12.25255 0.5998001 3.045 12.25255 6.2998 3.045 12.25255 0.5998001 3.445 12.25255 6.2998 3.445 11.95255 0.5998001 3.445 11.95255 6.2998 3.445 7.65295 6.2998 3.045 7.65295 0.5998001 3.045 7.95295 0.5998001 3.045 7.95295 6.2998 3.045 7.95295 0.5998001 3.285 7.95295 6.2998 3.285 7.65295 0.5998001 3.285 7.65295 6.2998 3.285 -5.79945 -2.0016 3.045 -12.24945 -2.0016 3.045 -12.24945 -2.4216 3.045 -5.79945 -2.4216 3.045 -12.24945 -2.4216 3.285 -5.79945 -2.4216 3.285 -12.24945 -2.0016 3.285 -5.79945 -2.0016 3.285 3.80115 -3.1502 3.045 3.80115 -3.4502 3.045 3.80115 -3.4502 3.445 3.80115 -3.1502 3.445 1.72205 -7.1441 -0.1888 2.02205 -7.1441 -0.1888 2.02205 -5.9441 -0.1888 1.72205 -5.9441 -0.1888 2.02205 -5.9441 -0.3825 2.02205 -7.1441 -0.3825 2.32205 -7.1441 -0.3825 2.32205 -5.9441 -0.3825 2.32205 -5.9441 -0.5763 2.32205 -7.1441 -0.5763 2.62205 -7.1441 -0.5763 2.62205 -5.9441 -0.5763 2.62205 -5.9441 -0.77 2.62205 -7.1441 -0.77 2.92205 -7.1441 -0.77 2.92205 -5.9441 -0.77 2.92205 -5.9441 -0.9638 2.92205 -7.1441 -0.9638 3.22205 -7.1441 -0.9638 3.22205 -5.9441 -0.9638 3.22205 -5.9441 -1.1576 3.22205 -7.1441 -1.1576 3.52205 -7.1441 -1.1576 3.52205 -5.9441 -1.1576 3.52205 -5.9441 -1.3513 3.52205 -7.1441 -1.3513 3.82205 -7.1441 -1.3513 3.82205 -5.9441 -1.3513 3.82205 -5.9441 -1.5451 3.82205 -7.1441 -1.5451 4.12205 -7.1441 -1.5451 4.12205 -5.9441 -1.5451 4.12205 -5.9441 -1.7388 4.12205 -7.1441 -1.7388 4.42205 -7.1441 -1.7388 4.42205 -5.9441 -1.7388 4.42205 -5.9441 -1.9325 4.42205 -7.1441 -1.9325 4.72205 -7.1441 -1.9325 4.72205 -5.9441 -1.9325 4.72205 -5.9441 -2.1263 4.72205 -7.1441 -2.1263 5.02205 -7.1441 -2.1263 5.02205 -5.9441 -2.1263 5.02205 -5.9441 -2.3201 5.02205 -7.1441 -2.3201 5.32205 -7.1441 -2.3201 5.32205 -5.9441 -2.3201 5.32205 -5.9441 -2.5138 5.32205 -7.1441 -2.5138 5.62205 -7.1441 -2.5138 5.62205 -5.9441 -2.5138 5.62205 -5.9441 -2.7076 5.62205 -7.1441 -2.7076 5.92205 -7.1441 -2.7076 5.92205 -5.9441 -2.7076 5.92205 -5.9441 -2.9013 5.92205 -7.1441 -2.9013 6.22205 -7.1441 -2.9013 6.22205 -5.9441 -2.9013 6.22205 -5.9441 -3.0951 6.22205 -7.1441 -3.0951 6.22095 -5.9441 -3.0967 6.22095 -7.1441 -3.0967 1.72095 -7.1441 -0.1905 1.72095 -5.9441 -0.1905 -5.94945 -0.4079 3.045 -5.94945 -2.2116 3.045 -5.64945 -2.2116 3.045 -5.64945 -0.4079 3.045 -5.64945 -2.2116 3.445 -5.64945 -0.4079 3.445 -5.94945 -2.2116 3.445 -5.94945 -0.4079 3.445 -3.94875 6.2998 3.045 -3.94875 4.7987 3.045 -3.64875 4.7987 3.045 -3.64875 6.2998 3.045 -3.64875 4.7987 3.445 -3.64875 6.2998 3.445 -3.94875 4.7987 3.445 -3.94875 6.2998 3.445 3.65115 -3.3002 3.045 3.95115 -3.3002 3.045 3.95115 -3.3002 3.285 3.65115 -3.3002 3.285 -0.64885 6.2998 3.045 -0.64885 4.7987 3.045 -0.34885 4.7987 3.045 -0.34885 6.2998 3.045 -0.34885 4.7987 3.445 -0.34885 6.2998 3.445 -0.64885 4.7987 3.445 -0.64885 6.2998 3.445 -12.24955 -4.5669 3.445 -12.24955 -4.5669 3.295 -12.24955 -2.2116 3.295 -12.24955 -2.2116 3.445 -12.24945 1.4498 3.295 -12.24945 1.4498 3.445 -12.24945 1.5998 3.295 -12.24945 1.5998 3.445 -12.24945 5.1393 3.295 -12.24945 5.1393 3.445 -5.64965 5.1394 3.295 -5.64965 5.1394 3.445 -5.64965 4.4498 3.295 -5.64965 4.4498 3.445 -3.94885 4.4498 3.295 -3.94885 4.4498 3.445 -3.94885 4.798601 3.295 -3.94885 4.798601 3.445 -3.94885 6.4498 3.295 -3.94885 6.4498 3.445 -0.4988499 6.4498 3.295 -0.4988499 6.4498 3.445 2.35125 6.4498 3.295 2.35125 6.4498 3.445 2.35115 7.548 3.295 2.35115 7.548 3.445 -5.04825 7.5498 3.295 -5.04825 7.5498 3.445 -5.05115 6.2394 3.295 -5.05115 6.2394 3.445 -13.35045 6.2414 3.295 -13.35045 6.2414 3.445 -13.35255 -5.2653 3.295 -13.35255 -5.2653 3.445 -5.64965 -5.2668 3.295 -5.64965 -5.2668 3.445 -5.64965 -4.5669 3.295 -5.64965 -4.5669 3.445 -0.59965 -0.2579 3.045 -5.79955 -0.2579 3.045 -5.79955 -0.5579 3.045 -0.59965 -0.5579 3.045 -5.79955 -0.5579 3.445 -0.59965 -0.5579 3.445 -5.79955 -0.2579 3.445 -0.59965 -0.2579 3.445 -0.49885 5.0086 3.045 -3.79875 5.0086 3.045 -3.79875 4.5886 3.045 -0.49885 4.5886 3.045 -3.79875 4.5886 3.285 -0.49885 4.5886 3.285 -3.79875 5.0086 3.285 -0.49885 5.0086 3.285 -0.64885 -3.4502 3.285 -0.64885 -3.4502 -0.055 -0.34885 -3.4502 -0.055 -0.34885 -3.4502 3.285 -0.34885 -3.1502 -0.055 -0.34885 -3.1502 3.285 -0.64885 -3.1502 -0.055 -0.64885 -3.1502 3.285 -3.79875 4.4498 3.045 -5.79945 4.4498 3.045 -5.79945 4.1498 3.045 -3.79875 4.1498 3.045 -5.79945 4.1498 3.445 -3.79875 4.1498 3.445 -5.79945 4.4498 3.445 -3.79875 4.4498 3.445 -12.24945 -4.5669 3.285 -12.24945 -4.5669 -0.055 -11.94945 -4.5669 -0.055 -11.94945 -4.5669 3.285 -11.94945 -4.2669 -0.055 -11.94945 -4.2669 3.285 -12.24945 -4.2669 -0.055 -12.24945 -4.2669 3.285 -5.94945 -4.5669 3.285 -5.94945 -4.5669 -0.055 -5.64945 -4.5669 -0.055 -5.64945 -4.5669 3.285 -5.64945 -4.2669 -0.055 -5.64945 -4.2669 3.285 -5.94945 -4.2669 -0.055 -5.94945 -4.2669 3.285 7.65295 0.4498 3.285 7.65295 0.4498 -0.055 7.95295 0.4498 -0.055 7.95295 0.4498 3.285 7.95295 0.7498 -0.055 7.95295 0.7498 3.285 7.65295 0.7498 -0.055 7.65295 0.7498 3.285 -0.64885 4.1604 3.285 -0.64885 4.1604 -0.055 -0.34885 4.1604 -0.055 -0.34885 4.1604 3.285 -0.34885 4.4604 -0.055 -0.34885 4.4604 3.285 -0.64885 4.4604 -0.055 -0.64885 4.4604 3.285 3.65115 0.4498 3.285 3.65115 0.4498 -0.055 3.95115 0.4498 -0.055 3.95115 0.4498 3.285 3.95115 0.7498 -0.055 3.95115 0.7498 3.285 3.65115 0.7498 -0.055 3.65115 0.7498 3.285 -0.64885 6.1498 3.285 -0.64885 6.1498 -0.055 -0.34885 6.1498 -0.055 -0.34885 6.1498 3.285 -0.34885 6.4498 -0.055 -0.34885 6.4498 3.285 -0.64885 6.4498 -0.055 -0.64885 6.4498 3.285 4.80095 6.1498 3.285 4.80095 6.1498 -0.055 5.10095 6.1498 -0.055 5.10095 6.1498 3.285 5.10095 6.4498 -0.055 5.10095 6.4498 3.285 4.80095 6.4498 -0.055 4.80095 6.4498 3.285 7.85295 -3.4502 3.285 7.85295 -3.4502 -0.055 8.15295 -3.4502 -0.055 8.15295 -3.4502 3.285 8.15295 -3.1502 -0.055 8.15295 -3.1502 3.285 7.85295 -3.1502 -0.055 7.85295 -3.1502 3.285 11.95255 6.1498 3.285 11.95255 6.1498 -0.055 12.25255 6.1498 -0.055 12.25255 6.1498 3.285 12.25255 6.4498 -0.055 12.25255 6.4498 3.285 11.95255 6.4498 -0.055 11.95255 6.4498 3.285 11.95265 -3.4503 3.285 11.95265 -3.4503 -0.055 12.25265 -3.4503 -0.055 12.25265 -3.4503 3.285 12.25265 -3.1503 -0.055 12.25265 -3.1503 3.285 11.95265 -3.1503 -0.055 11.95265 -3.1503 3.285 2.05125 1.7498 3.285 2.05125 1.7498 -0.055 2.35125 1.7498 -0.055 2.35125 1.7498 3.285 2.35125 2.0498 -0.055 2.35125 2.0498 3.285 2.05125 2.0498 -0.055 2.05125 2.0498 3.285 2.05125 6.1498 3.285 2.05125 6.1498 -0.055 2.35125 6.1498 -0.055 2.35125 6.1498 3.285 2.35125 6.4498 -0.055 2.35125 6.4498 3.285 2.05125 6.4498 -0.055 2.05125 6.4498 3.285 -12.24945 4.8393 3.285 -12.24945 4.8393 -0.055 -11.94945 4.8393 -0.055 -11.94945 4.8393 3.285 -11.94945 5.1393 -0.055 -11.94945 5.1393 3.285 -12.24945 5.1393 -0.055 -12.24945 5.1393 3.285 -12.24945 -2.3616 3.285 -12.24945 -2.3616 -0.055 -11.94945 -2.3616 -0.055 -11.94945 -2.3616 3.285 -11.94945 -2.0616 -0.055 -11.94945 -2.0616 3.285 -12.24945 -2.0616 -0.055 -12.24945 -2.0616 3.285 11.95285 0.4498 3.285 11.95285 0.4498 -0.055 12.25285 0.4498 -0.055 12.25285 0.4498 3.285 12.25285 0.7498 -0.055 12.25285 0.7498 3.285 11.95285 0.7498 -0.055 11.95285 0.7498 3.285 7.65295 6.1498 3.285 7.65295 6.1498 -0.055 7.95295 6.1498 -0.055 7.95295 6.1498 3.285 7.95295 6.4498 -0.055 7.95295 6.4498 3.285 7.65295 6.4498 -0.055 7.65295 6.4498 3.285 -5.94945 4.8394 3.285 -5.94945 4.8394 -0.055 -5.64945 4.8394 -0.055 -5.64945 4.8394 3.285 -5.64945 5.1394 -0.055 -5.64945 5.1394 3.285 -5.94945 5.1394 -0.055 -5.94945 5.1394 3.285 -3.94875 6.1498 3.285 -3.94875 6.1498 -0.055 -3.64875 6.1498 -0.055 -3.64875 6.1498 3.285 -3.64875 6.4498 -0.055 -3.64875 6.4498 3.285 -3.94875 6.4498 -0.055 -3.94875 6.4498 3.285 -3.94875 4.6486 3.285 -3.94875 4.6486 -0.055 -3.64875 4.6486 -0.055 -3.64875 4.6486 3.285 -3.64875 4.9486 -0.055 -3.64875 4.9486 3.285 -3.94875 4.9486 -0.055 -3.94875 4.9486 3.285 -5.94945 -2.3616 3.285 -5.94945 -2.3616 -0.055 -5.64945 -2.3616 -0.055 -5.64945 -2.3616 3.285 -5.64945 -2.0616 -0.055 -5.64945 -2.0616 3.285 -5.94945 -2.0616 -0.055 -5.94945 -2.0616 3.285 -5.94945 -0.3454 3.285 -5.94945 -0.3454 -0.055 -5.64945 -0.3454 -0.055 -5.64945 -0.3454 3.285 -5.64945 -0.04539999 -0.055 -5.64945 -0.04539999 3.285 -5.94945 -0.04539999 -0.055 -5.94945 -0.04539999 3.285 -0.64885 -0.3454 3.285 -0.64885 -0.3454 -0.055 -0.34885 -0.3454 -0.055 -0.34885 -0.3454 3.285 -0.34885 -0.04539999 -0.055 -0.34885 -0.04539999 3.285 -0.64885 -0.04539999 -0.055 -0.64885 -0.04539999 3.285 -12.24945 1.4498 3.285 -12.24945 1.4498 -0.055 -11.94945 1.4498 -0.055 -11.94945 1.4498 3.285 -11.94945 1.7498 -0.055 -11.94945 1.7498 3.285 -12.24945 1.7498 -0.055 -12.24945 1.7498 3.285 3.65115 -3.4502 3.285 3.65115 -3.4502 -0.055 3.95115 -3.4502 -0.055 3.95115 -3.4502 3.285 3.95115 -3.1502 -0.055 3.95115 -3.1502 3.285 3.65115 -3.1502 -0.055 3.65115 -3.1502 3.285 4.80095 1.7498 3.285 4.80095 1.7498 -0.055 5.10095 1.7498 -0.055 5.10095 1.7498 3.285 5.10095 2.0498 -0.055 5.10095 2.0498 3.285 4.80095 2.0498 -0.055 4.80095 2.0498 3.285</float_array>
          <technique_common>
            <accessor count="1580" source="#verts-array-array" stride="3">
              <param type="float" name="X"/>
              <param type="float" name="Y"/>
              <param type="float" name="Z"/>
            </accessor>
          </technique_common>
        </source>
        <source id="normals-array">
          <float_array count="4740" id="normals-array-array">-0.5773503 0.5773503 -0.5773503 -0.5773503 -0.5773503 -0.5773503 0.5773503 -0.5773503 -0.5773503 0.5773503 0.5773503 -0.5773503 0.5773503 -0.5773503 0.5773503 0.5773503 0.5773503 0.5773503 -0.5773503 -0.5773503 0.5773503 -0.5773503 0.5773503 0.5773503 -0.5773503 0.1980295 -0.792118 -0.5773503 -0.792118 -0.1980295 0.5773503 -0.792118 -0.1980295 0.5773503 0.1980295 -0.792118 0.5773503 -0.1980295 0.792118 0.5773503 0.792118 0.1980295 -0.5773503 -0.1980295 0.792118 -0.5773503 0.792118 0.1980295 -0.5773503 0.5773503 -0.5773503 -0.5773503 -0.5773503 -0.5773503 0.5773503 -0.5773503 -0.5773503 0.5773503 0.5773503 -0.5773503 0.5773503 -0.5773503 0.5773503 0.5773503 0.5773503 0.5773503 -0.5773503 -0.5773503 0.5773503 -0.5773503 0.5773503 0.5773503 0.1717698 0.5773503 -0.7982242 -0.7982242 0.5773503 -0.1717698 -0.7982242 -0.5773503 -0.1717698 0.1717698 -0.5773503 -0.7982242 -0.1717698 -0.5773503 0.7982242 0.7982242 -0.5773503 0.1717698 -0.1717698 0.5773503 0.7982242 0.7982242 0.5773503 0.1717698 0.1980295 0.5773503 -0.792118 -0.792118 0.5773503 -0.1980295 -0.792118 -0.5773503 -0.1980295 0.1980295 -0.5773503 -0.792118 -0.1980295 -0.5773503 0.792118 0.792118 -0.5773503 0.1980295 -0.1980295 0.5773503 0.792118 0.792118 0.5773503 0.1980295 0.5773503 0.5773503 -0.5773503 -0.5773503 0.5773503 -0.5773503 -0.5773503 -0.5773503 -0.5773503 0.5773503 -0.5773503 -0.5773503 -0.5773503 -0.5773503 0.5773503 0.5773503 -0.5773503 0.5773503 -0.5773503 0.5773503 0.5773503 0.5773503 0.5773503 0.5773503 -0.5773503 -0.5773503 0.5773503 1.999104e-16 -0.7071068 0.7071068 1.999104e-16 0.7071068 0.7071068 -0.5773503 0.5773503 0.5773503 -3.248544e-16 0.7071068 -0.7071068 -0.5773503 0.5773503 -0.5773503 0 -0.7071068 -0.7071068 -0.5773503 -0.5773503 -0.5773503 0.5773503 -0.5773503 0.5773503 0.5773503 0.5773503 0.5773503 0.5773503 0.5773503 -0.5773503 0.5773503 -0.5773503 -0.5773503 0.5773503 -0.5773503 0.5773503 0.5773503 -0.5773503 -0.5773503 0.5773503 0.5773503 -0.5773503 0.5773503 0.5773503 0.5773503 -0.5773503 0.5773503 -0.5773503 -0.5773503 0.5773503 0.5773503 -0.5773503 -0.5773503 -0.5773503 -0.5773503 -0.5773503 0.5773503 0.6105831 -0.3931865 0.6874538 0.5773503 0.5773503 0.5773503 -0.5773503 0.5773503 0.5773503 -0.6105831 -0.3931865 0.6874538 -0.904534 0.3015113 0.3015113 0.904534 0.3015113 0.3015113 0.5773503 0.5773503 0.5773503 -0.5773503 0.5773503 0.5773503 -0.6524712 0.7311864 -0.1991177 0.6524712 0.7311864 -0.1991177 -0.5768957 0.2015411 -0.7915634 0.5768957 0.2015411 -0.7915634 0.5778089 -0.7909351 -0.2013915 -0.5778089 -0.7909351 -0.2013915 -0.5770616 0.5775906 -0.5773985 -0.57757 -0.5771925 -0.5772883 -0.57757 -0.5771925 0.5772883 -0.5770616 0.5775906 0.5773985 0.5780166 0.5767945 -0.5772391 0.5780166 0.5767945 0.5772391 0.3021646 0.3008737 -0.9045283 0.3021646 0.3008737 0.9045283 0.5779021 0.5766812 -0.5774668 0.5779021 0.5766812 0.5774668 0.5774349 -0.5772544 -0.5773614 0.5774349 -0.5772544 0.5773614 0.5773503 0.5773503 0.5773503 0.5773503 0.5773503 -0.5773503 -0.5773503 0.5773503 -0.5773503 -0.5773503 0.5773503 0.5773503 -0.5773503 -0.5773503 -0.5773503 -0.5773503 -0.5773503 0.5773503 0.5773503 -0.5773503 -0.5773503 0.5773503 -0.5773503 0.5773503 0.5773503 0.5773503 -0.5773503 -0.5773503 0.5773503 -0.5773503 -0.5773503 -0.5773503 -0.5773503 0.5773503 -0.5773503 -0.5773503 -0.5773503 -0.5773503 0.5773503 0.5773503 -0.5773503 0.5773503 -0.5773503 0.5773503 0.5773503 0.5773503 0.5773503 0.5773503 -0.5773503 0.5773503 -0.5773503 -0.5773503 -0.5773503 -0.5773503 0.5773503 -0.5773503 -0.5773503 0.5773503 0.5773503 -0.5773503 0.5773503 -0.5773503 0.5773503 0.5773503 0.5773503 0.5773503 -0.5773503 -0.5773503 0.5773503 -0.5773503 0.5773503 0.5773503 -0.5773503 0.5773503 -0.5773503 -0.5773503 -0.5773503 -0.5773503 0.5773503 -0.5773503 -0.5773503 0.5773503 0.5773503 -0.5773503 0.5773503 -0.5773503 0.5773503 0.5773503 0.5773503 0.5773503 -0.5773503 -0.5773503 0.5773503 -0.5773503 0.5773503 0.5773503 -0.5773503 0.7901267 -0.2058313 -0.5773503 -0.2058313 -0.7901267 0.5773503 -0.2058313 -0.7901267 0.5773503 0.7901267 -0.2058313 0.5773503 -0.7901267 0.2058313 0.5773503 0.2058313 0.7901267 -0.5773503 -0.7901267 0.2058313 -0.5773503 0.2058313 0.7901267 0.5774427 0.5772392 0.5773688 -0.5769863 0.5776872 -0.577377 -0.5769863 0.5776872 0.577377 0.5774427 0.5772392 -0.5773688 0.5773503 -0.5773503 -0.5773503 0.5773503 -0.5773503 0.5773503 0.301511 -0.3015066 -0.9045357 0.301511 -0.3015066 0.9045357 0.5773548 -0.5773465 -0.5773495 0.5773548 -0.5773465 0.5773495 -0.5780199 -0.5767918 0.5772385 -0.5780199 -0.5767918 -0.5772385 -0.3021492 -0.3008691 -0.904535 -0.3021492 -0.3008691 0.904535 -0.5781768 -0.5764564 -0.5774164 -0.5781768 -0.5764564 0.5774164 0.5773503 -0.5773503 0.5773503 0.5773503 -0.5773503 -0.5773503 0.5771464 0.5775949 -0.5773094 0.5771464 0.5775949 0.5773094 -0.577554 0.5771056 -0.5773911 -0.577554 0.5771056 0.5773911 -0.5773503 -0.5773503 -0.5773503 -0.5773503 -0.5773503 0.5773503 0 -0.7071068 0.7071068 0 -0.7071068 -0.7071068 0 -0.7071068 -0.7071068 0 -0.7071068 0.7071068 0.5773503 -0.5773503 -0.5773503 0.5773503 -0.5773503 0.5773503 0.5773503 0.5773503 -0.5773503 0.5773503 0.5773503 0.5773503 -0.5773503 0.5773503 -0.5773503 -0.5773503 0.5773503 0.5773503 -0.5773503 -0.5773503 -0.5773503 -0.5773503 -0.5773503 0.5773503 0 -0.7071068 -0.7071068 0 -0.7071068 0.7071068 0 -0.7071068 -0.7071068 0 -0.7071068 0.7071068 0 -0.7071068 -0.7071068 0 -0.7071068 0.7071068 0 -0.7071068 -0.7071068 0 -0.7071068 0.7071068 0.5773503 -0.5773503 0.5773503 0.5773503 -0.5773503 -0.5773503 0.7071068 0 -0.7071068 0.7071068 0 0.7071068 0.7071068 0 -0.7071068 0.7071068 0 0.7071068 0.5773503 0.5773503 -0.5773503 0.5773503 0.5773503 0.5773503 0 0.7071068 -0.7071068 0 0.7071068 0.7071068 -0.5773503 0.5773503 -0.5773503 -0.5773503 0.5773503 0.5773503 -0.5769216 -0.5778643 -0.5772645 -0.5769216 -0.5778643 0.5772645 0.0002010989 -0.7068031 -0.7074103 0.0002010989 -0.7068031 0.7074103 -0.0003761174 -0.7072263 -0.7069871 -0.0003761174 -0.7072263 0.7069871 -0.5773503 0.5773503 0.5773503 -0.5773503 0.5773503 -0.5773503 -0.7071068 0 -0.7071068 -0.7071068 0 0.7071068 -0.5779087 -0.5766791 -0.5774624 -0.5779087 -0.5766791 0.5774624 0.576791 -0.5780208 -0.5772384 0.576791 -0.5780208 0.5772384 0.7071068 0 -0.7071068 0.7071068 0 0.7071068 0.5773503 0.5773503 -0.5773503 0.5773503 0.5773503 0.5773503 -0.5773503 0.5773503 -0.5773503 -0.5773503 0.5773503 0.5773503 -0.3015113 0.3015113 -0.904534 -0.3015113 0.3015113 0.904534 0 0.7071068 -0.7071068 0 0.7071068 0.7071068 -0.5773503 0.5773503 -0.5773503 -0.5773503 -0.5773503 -0.5773503 0.5773503 -0.5773503 -0.5773503 0.5773503 0.5773503 -0.5773503 0.5773503 -0.5773503 0.5773503 0.5773503 0.5773503 0.5773503 -0.5773503 -0.5773503 0.5773503 -0.5773503 0.5773503 0.5773503 0.5773503 -0.5773503 -0.5773503 0.5773503 0.5773503 -0.5773503 0.5773503 0.5773503 0.5773503 0.5773503 -0.5773503 0.5773503 -0.5773503 -0.5773503 -0.5773503 -0.5773503 -0.5773503 0.5773503 -0.5773503 0.5773503 -0.5773503 -0.5773503 0.5773503 0.5773503 0.5773503 0.5773503 -0.5773503 -0.5773503 0.5773503 -0.5773503 -0.5773503 -0.5773503 -0.5773503 0.5773503 -0.5773503 -0.5773503 -0.5773503 -0.5773503 0.5773503 0.5773503 -0.5773503 0.5773503 -0.5773503 0.5773503 0.5773503 0.5773503 0.5773503 0.5773503 0.5773503 0.5773503 -0.5773503 -0.5773503 0.5773503 -0.5773503 -0.5773503 -0.5773503 -0.5773503 0.5773503 -0.5773503 -0.5773503 -0.5773503 -0.5773503 0.5773503 0.5773503 -0.5773503 0.5773503 -0.5773503 0.5773503 0.5773503 0.5773503 0.5773503 0.5773503 0.5773503 0.5773503 -0.5773503 -0.5773503 0.5773503 -0.5773503 -0.5773503 -0.5773503 -0.5773503 0.5773503 -0.5773503 -0.5773503 -0.5773503 -0.5773503 0.5773503 0.5773503 -0.5773503 0.5773503 -0.5773503 0.5773503 0.5773503 0.5773503 0.5773503 0.5773503 0.5773503 0.5773503 -0.5773503 -0.5773503 0.5773503 -0.5773503 -0.5773503 -0.5773503 -0.5773503 0.5773503 -0.5773503 -0.5773503 -0.5773503 -0.5773503 0.5773503 0.5773503 -0.5773503 0.5773503 -0.5773503 0.5773503 0.5773503 0.5773503 0.5773503 0.5773503 0.5773503 -0.5773503 -0.5773503 0.5773503 0.5773503 -0.5773503 0.5773503 0.5773503 0.5773503 0.5773503 -0.5773503 0.5773503 -0.5773503 -0.5773503 -0.5773503 -0.5773503 -0.5773503 0.5773503 -0.5773503 0.5773503 -0.5773503 -0.5773503 0.5773503 0.5773503 0 0.7071068 -0.7071068 0 0.7071068 0.7071068 -0.5773503 0.5773503 -0.5773503 -0.5773503 -0.5773503 -0.5773503 0.5773503 -0.5773503 -0.5773503 0.5773503 0.5773503 -0.5773503 0.5773503 -0.5773503 0.5773503 0.5773503 0.5773503 0.5773503 -0.5773503 -0.5773503 0.5773503 -0.5773503 0.5773503 0.5773503 -0.5773503 0.5773503 -0.5773503 -0.5773503 -0.5773503 -0.5773503 0.5773503 -0.5773503 -0.5773503 0.5773503 0.5773503 -0.5773503 0.5773503 -0.5773503 0.5773503 0.5773503 0.5773503 0.5773503 -0.5773503 -0.5773503 0.5773503 -0.5773503 0.5773503 0.5773503 0 -0.7071068 -0.7071068 0.5773503 -0.5773503 -0.5773503 0.5773503 -0.5773503 0.5773503 0 -0.7071068 0.7071068 -0.5773503 -0.5773503 -0.5773503 -0.5773503 -0.5773503 0.5773503 -0.5773503 0.5773503 -0.5773503 -0.5773503 0.5773503 0.5773503 0 0.7071068 -0.7071068 0 0.7071068 0.7071068 0.5773503 0.5773503 -0.5773503 0.5773503 0.5773503 0.5773503 -0.5773503 0.5773503 -0.5773503 -0.7071068 0 -0.7071068 -0.7071068 0 0.7071068 -0.5773503 0.5773503 0.5773503 0.5773503 0.5773503 -0.5773503 0.5773503 0.5773503 0.5773503 0.5773503 -0.5773503 -0.5773503 0.5773503 -0.5773503 0.5773503 -0.5773503 -0.5773503 -0.5773503 -0.5773503 -0.5773503 0.5773503 0.5773503 -0.5773503 -0.5773503 0.5773503 0.5773503 -0.5773503 0.5773503 0.5773503 0.5773503 0.5773503 -0.5773503 0.5773503 0 -0.7071068 -0.7071068 0 -0.7071068 0.7071068 -0.5773503 -0.5773503 -0.5773503 -0.5773503 -0.5773503 0.5773503 -0.7071068 0 -0.7071068 -0.7071068 0 0.7071068 -0.5773503 0.5773503 -0.5773503 -0.5773503 0.5773503 0.5773503 0 0.7071068 -0.7071068 0 0.7071068 0.7071068 -0.5773503 -0.5773503 0.5773503 9.995519e-17 -0.7071068 0.7071068 9.995519e-17 0.7071068 0.7071068 -0.5773503 0.5773503 0.5773503 -1.749216e-16 0.7071068 -0.7071068 -0.5773503 0.5773503 -0.5773503 0 -0.7071068 -0.7071068 -0.5773503 -0.5773503 -0.5773503 0.7071068 9.995519e-17 0.7071068 0.5773503 0.5773503 0.5773503 -0.5773503 0.5773503 0.5773503 -0.7071068 9.995519e-17 0.7071068 -0.5773503 0.5773503 -0.5773503 -0.7071068 -1.999104e-16 -0.7071068 0.5773503 0.5773503 -0.5773503 0.7071068 0 -0.7071068 0.5773503 0.5773503 -0.5773503 -0.5773503 0.5773503 -0.5773503 -0.5773503 -0.5773503 -0.5773503 0.5773503 -0.5773503 -0.5773503 -0.5773503 -0.5773503 0.5773503 0.5773503 -0.5773503 0.5773503 -0.5773503 0.5773503 0.5773503 0.5773503 0.5773503 0.5773503 0.5773503 0.5773503 -0.5773503 -0.5773503 0.5773503 -0.5773503 -0.5773503 -0.5773503 -0.5773503 0.5773503 -0.5773503 -0.5773503 -0.5773503 -0.5773503 0.5773503 0.5773503 -0.5773503 0.5773503 -0.5773503 0.5773503 0.5773503 0.5773503 0.5773503 0.5773503 -0.6105831 0.3931865 0.6874538 -0.5773503 -0.5773503 0.5773503 0.5773503 -0.5773503 0.5773503 0.6105831 0.3931865 0.6874538 0.904534 -0.3015113 0.3015113 -0.904534 -0.3015113 0.3015113 -0.5773503 -0.5773503 0.5773503 0.5773503 -0.5773503 0.5773503 0.904534 -0.3015113 0.3015113 -0.904534 -0.3015113 0.3015113 -0.5773503 -0.5773503 0.5773503 0.5773503 -0.5773503 0.5773503 0.904534 -0.3015113 0.3015113 -0.904534 -0.3015113 0.3015113 -0.5773503 -0.5773503 0.5773503 0.5773503 -0.5773503 0.5773503 0.904534 -0.3015113 0.3015113 -0.904534 -0.3015113 0.3015113 -0.5773503 -0.5773503 0.5773503 0.5773503 -0.5773503 0.5773503 0.6524712 -0.7311864 -0.1991177 -0.6524712 -0.7311864 -0.1991177 0.5774129 -0.2053497 -0.7902062 -0.5774129 -0.2053497 -0.7902062 -0.577289 0.7902885 -0.2053815 0.577289 0.7902885 -0.2053815 -0.5773503 0.5773503 -0.5773503 -0.5773503 -0.5773503 -0.5773503 0.5773503 -0.5773503 -0.5773503 0.5773503 0.5773503 -0.5773503 0.5773503 -0.5773503 0.5773503 0.5773503 0.5773503 0.5773503 -0.5773503 -0.5773503 0.5773503 -0.5773503 0.5773503 0.5773503 0.5773503 0.5773503 -0.5773503 -0.5773503 0.5773503 -0.5773503 -0.5773503 -0.5773503 -0.5773503 0.5773503 -0.5773503 -0.5773503 -0.5773503 -0.5773503 0.5773503 0.5773503 -0.5773503 0.5773503 -0.5773503 0.5773503 0.5773503 0.5773503 0.5773503 0.5773503 -0.5773503 0.5773503 -0.5773503 -0.5773503 -0.5773503 -0.5773503 0.5773503 -0.5773503 -0.5773503 0.5773503 0.5773503 -0.5773503 0.5773503 -0.5773503 0.5773503 0.5773503 0.5773503 0.5773503 -0.5773503 -0.5773503 0.5773503 -0.5773503 0.5773503 0.5773503 0.5773503 -0.5773503 0.5773503 0.5773503 0.5773503 0.5773503 0.5773503 0.5773503 -0.5773503 0.5773503 -0.5773503 -0.5773503 0.5773503 0.5773503 -0.5773503 -0.5773503 0.5773503 -0.5773503 -0.5773503 -0.5773503 -0.5773503 0.5773503 -0.5773503 -0.5773503 -0.5773503 -0.5773503 0.5773503 0.5773503 -0.5773503 0.5773503 -0.5773503 0.5773503 0.5773503 0.5773503 0.5773503 0.5773503 0.5779057 0.5766827 -0.5774617 0.3021682 0.3011129 -0.9044476 0.3021682 0.3011129 0.9044476 0.5779057 0.5766827 0.5774617 0.3015113 0.3015113 -0.904534 0.3015113 0.3015113 0.904534 -1.943618e-05 0.7071006 -0.707113 -1.943618e-05 0.7071006 0.707113 0.5777934 0.5769861 -0.577271 0.5777934 0.5769861 0.577271 0.5768924 -0.5777314 -0.5774267 0.5768924 -0.5777314 0.5774267 0.3015641 -0.3022113 -0.9042828 0.3015641 -0.3022113 0.9042828 0.5766747 -0.5779124 -0.5774631 0.5766747 -0.5779124 0.5774631 0.3015375 -0.3018555 -0.9044105 0.3015375 -0.3018555 0.9044105 0.5767751 -0.5779182 -0.577357 0.5767751 -0.5779182 0.577357 -0.5775931 -0.5770586 -0.577399 -0.5775931 -0.5770586 0.577399 -0.5773503 0.5773503 -0.5773503 -0.5773503 0.5773503 0.5773503 0.5777849 0.5769879 -0.5772777 0.5777849 0.5769879 0.5772777 0.5773503 0.5773503 -0.5773503 -0.5773503 0.5773503 -0.5773503 -0.5773503 -0.5773503 -0.5773503 0.5773503 -0.5773503 -0.5773503 -0.5773503 -0.5773503 0.5773503 0.5773503 -0.5773503 0.5773503 -0.5773503 0.5773503 0.5773503 0.5773503 0.5773503 0.5773503 -0.5773503 0.5773503 -0.5773503 -0.5773503 -0.5773503 -0.5773503 0.5773503 -0.5773503 -0.5773503 0.5773503 0.5773503 -0.5773503 0.5773503 -0.5773503 0.5773503 0.5773503 0.5773503 0.5773503 -0.5773503 -0.5773503 0.5773503 -0.5773503 0.5773503 0.5773503 0.5771193 0.5775812 -0.5773503 -0.5775812 0.5771193 -0.5773503 -0.5771193 -0.5775812 -0.5773503 0.5775812 -0.5771193 -0.5773503 -0.5771193 -0.5775812 0.5773503 0.5775812 -0.5771193 0.5773503 -0.5775812 0.5771193 0.5773503 0.5771193 0.5775812 0.5773503 0.5773503 0.5773503 -0.5773503 -0.5773503 0.5773503 -0.5773503 -0.5773503 -0.5773503 -0.5773503 0.5773503 -0.5773503 -0.5773503 -0.5773503 -0.5773503 0.5773503 0.5773503 -0.5773503 0.5773503 -0.5773503 0.5773503 0.5773503 0.5773503 0.5773503 0.5773503 0.5773503 -0.5773503 0.5773503 -0.5773503 -0.5773503 0.5773503 -0.5773503 -0.5773503 -0.5773503 0.5773503 -0.5773503 -0.5773503 -0.5773503 0.5773503 -0.5773503 -0.5773503 -0.5773503 -0.5773503 0.5773503 -0.5773503 -0.5773503 0.5773503 0.5773503 -0.5773503 0.5773503 -0.5773503 0.5773503 0.5773503 0.5773503 0.5773503 -0.5773503 -0.5773503 0.5773503 -0.5773503 0.5773503 0.5773503 -0.5773503 0.5773503 0.5773503 -0.5773503 0.5773503 -0.5773503 -0.5773503 -0.5773503 -0.5773503 -0.5773503 -0.5773503 0.5773503 0.5773503 -0.5773503 -0.5773503 0.5773503 -0.5773503 0.5773503 0.5773503 0.5773503 -0.5773503 0.5773503 0.5773503 0.5773503 -0.5773503 0.5773503 -0.5773503 -0.5773503 -0.5773503 -0.5773503 0.5773503 -0.5773503 -0.5773503 0.5773503 0.5773503 -0.5773503 0.5773503 -0.5773503 0.5773503 0.5773503 0.5773503 0.5773503 -0.5773503 -0.5773503 0.5773503 -0.5773503 0.5773503 0.5773503 -0.5773503 -0.5773503 0.5773503 -0.5773503 -0.5773503 -0.5773503 0.5773503 -0.5773503 -0.5773503 0.5773503 -0.5773503 0.5773503 0.5773503 0.5773503 -0.5773503 0.5773503 0.5773503 0.5773503 -0.5773503 0.5773503 -0.5773503 -0.5773503 0.5773503 0.5773503 -0.5773503 0.5773503 0.5773503 -0.5773503 0.5773503 -0.5773503 -0.5773503 -0.5773503 -0.5773503 -0.5773503 -0.5773503 0.5773503 0.5773503 -0.5773503 -0.5773503 0.5773503 -0.5773503 0.5773503 0.5773503 0.5773503 -0.5773503 0.5773503 0.5773503 0.5773503 -0.5773503 -0.5773503 0.5773503 -0.5773503 -0.5773503 -0.5773503 0.5773503 -0.5773503 -0.5773503 0.5773503 -0.5773503 0.5773503 0.5773503 0.5773503 -0.5773503 0.5773503 0.5773503 0.5773503 -0.5773503 0.5773503 -0.5773503 -0.5773503 0.5773503 0.5773503 -0.5773503 0.5773503 0.5773503 -0.5773503 0.5773503 -0.5773503 -0.5773503 -0.5773503 -0.5773503 -0.5773503 -0.5773503 0.5773503 0.5773503 -0.5773503 -0.5773503 0.5773503 -0.5773503 0.5773503 0.5773503 0.5773503 -0.5773503 0.5773503 0.5773503 0.5773503 -0.5773503 -0.5773503 0.5773503 -0.5773503 -0.5773503 -0.5773503 0.5773503 -0.5773503 -0.5773503 0.5773503 -0.5773503 0.5773503 0.5773503 0.5773503 -0.5773503 0.5773503 0.5773503 0.5773503 -0.5773503 0.5773503 -0.5773503 -0.5773503 0.5773503 0.5773503 -0.5773503 0.5773503 0.5773503 -0.5773503 0.5773503 -0.5773503 -0.5773503 -0.5773503 -0.5773503 -0.5773503 -0.5773503 0.5773503 0.5773503 -0.5773503 -0.5773503 0.5773503 -0.5773503 0.5773503 0.5773503 0.5773503 -0.5773503 0.5773503 0.5773503 0.5773503 -0.5782733 0.5764258 0.5773503 -0.5782733 0.5764258 -0.5773503 -0.5764258 -0.5782733 -0.5773503 -0.5764258 -0.5782733 0.5773503 0.5782733 -0.5764258 -0.5773503 0.5782733 -0.5764258 0.5773503 0.5764258 0.5782733 -0.5773503 0.5764258 0.5782733 0.5773503 -0.5773503 -0.5773503 0.5773503 -0.5773503 -0.5773503 -0.5773503 0.5773503 -0.5773503 -0.5773503 0.5773503 -0.5773503 0.5773503 0.5773503 0.5773503 -0.5773503 0.5773503 0.5773503 0.5773503 -0.5773503 0.5773503 -0.5773503 -0.5773503 0.5773503 0.5773503 -0.5744563 -0.5802298 0.5773503 -0.5744563 -0.5802298 -0.5773503 0.5802298 -0.5744563 -0.5773503 0.5802298 -0.5744563 0.5773503 0.5744563 0.5802298 -0.5773503 0.5744563 0.5802298 0.5773503 -0.5802298 0.5744563 -0.5773503 -0.5802298 0.5744563 0.5773503 -0.5773503 0.5773503 0.5773503 -0.5773503 0.5773503 -0.5773503 -0.5773503 -0.5773503 -0.5773503 -0.5773503 -0.5773503 0.5773503 0.5773503 -0.5773503 0.5773503 0.5773503 -0.5773503 -0.5773503 0.5773503 0.5773503 -0.5773503 0.5773503 0.5773503 0.5773503 -0.5773503 0.5773503 0.5773503 -0.5773503 0.5773503 -0.5773503 -0.5773503 -0.5773503 -0.5773503 -0.5773503 -0.5773503 0.5773503 0.5773503 -0.5773503 -0.5773503 0.5773503 -0.5773503 0.5773503 0.5773503 0.5773503 -0.5773503 0.5773503 0.5773503 0.5773503 -0.5773503 -0.5773503 0.5773503 -0.5773503 -0.5773503 -0.5773503 0.5773503 -0.5773503 -0.5773503 0.5773503 -0.5773503 0.5773503 0.5773503 0.5773503 -0.5773503 0.5773503 0.5773503 0.5773503 -0.5773503 0.5773503 -0.5773503 -0.5773503 0.5773503 0.5773503 -0.5773503 -0.5773503 0.5773503 -0.5773503 -0.5773503 -0.5773503 0.5773503 -0.5773503 -0.5773503 0.5773503 -0.5773503 0.5773503 0.5773503 0.5773503 -0.5773503 0.5773503 0.5773503 0.5773503 -0.5773503 0.5773503 -0.5773503 -0.5773503 0.5773503 0.5773503 -0.5773503 -0.5773503 0.5773503 -0.5773503 -0.5773503 -0.5773503 0.5773503 -0.5773503 -0.5773503 0.5773503 -0.5773503 0.5773503 0.5773503 0.5773503 -0.5773503 0.5773503 0.5773503 0.5773503 -0.5773503 0.5773503 -0.5773503 -0.5773503 0.5773503 0.5773503 -0.5773503 0.5773503 0.5773503 -0.5773503 0.5773503 -0.5773503 -0.5773503 -0.5773503 -0.5773503 -0.5773503 -0.5773503 0.5773503 0.5773503 -0.5773503 -0.5773503 0.5773503 -0.5773503 0.5773503 0.5773503 0.5773503 -0.5773503 0.5773503 0.5773503 0.5773503 -0.5773503 -0.5773503 0.5773503 -0.5773503 -0.5773503 -0.5773503 0.5773503 -0.5773503 -0.5773503 0.5773503 -0.5773503 0.5773503 0.5773503 0.5773503 -0.5773503 0.5773503 0.5773503 0.5773503 -0.5773503 0.5773503 -0.5773503 -0.5773503 0.5773503 0.5773503 -0.5773503 -0.5773503 0.5773503 -0.5773503 -0.5773503 -0.5773503 0.5773503 -0.5773503 -0.5773503 0.5773503 -0.5773503 0.5773503 0.5773503 0.5773503 -0.5773503 0.5773503 0.5773503 0.5773503 -0.5773503 0.5773503 -0.5773503 -0.5773503 0.5773503 0.5773503 -0.5773503 -0.5773503 0.5773503 -0.5773503 -0.5773503 -0.5773503 0.5773503 -0.5773503 -0.5773503 0.5773503 -0.5773503 0.5773503 0.5773503 0.5773503 -0.5773503 0.5773503 0.5773503 0.5773503 -0.5773503 0.5773503 -0.5773503 -0.5773503 0.5773503 0.5773503 -0.5773503 -0.5773503 0.5773503 -0.5773503 -0.5773503 -0.5773503 0.5773503 -0.5773503 -0.5773503 0.5773503 -0.5773503 0.5773503 0.5773503 0.5773503 -0.5773503 0.5773503 0.5773503 0.5773503 -0.5773503 0.5773503 -0.5773503 -0.5773503 0.5773503 0.5773503 -0.5773503 -0.5773503 0.5773503 -0.5773503 -0.5773503 -0.5773503 0.5773503 -0.5773503 -0.5773503 0.5773503 -0.5773503 0.5773503 0.5773503 0.5773503 -0.5773503 0.5773503 0.5773503 0.5773503 -0.5773503 0.5773503 -0.5773503 -0.5773503 0.5773503 0.5773503 -0.5773503 -0.5773503 0.5773503 -0.5773503 -0.5773503 -0.5773503 0.5773503 -0.5773503 -0.5773503 0.5773503 -0.5773503 0.5773503 0.5773503 0.5773503 -0.5773503 0.5773503 0.5773503 0.5773503 -0.5773503 0.5773503 -0.5773503 -0.5773503 0.5773503 0.5773503 0.5761366 -0.5785614 0.5773503 0.5761366 -0.5785614 -0.5773503 0.5785614 0.5761366 -0.5773503 0.5785614 0.5761366 0.5773503 -0.5761366 0.5785614 -0.5773503 -0.5761366 0.5785614 0.5773503 -0.5785614 -0.5761366 -0.5773503 -0.5785614 -0.5761366 0.5773503 -0.5773503 -0.5773503 0.5773503 -0.5773503 -0.5773503 -0.5773503 0.5773503 -0.5773503 -0.5773503 0.5773503 -0.5773503 0.5773503 0.5773503 0.5773503 -0.5773503 0.5773503 0.5773503 0.5773503 -0.5773503 0.5773503 -0.5773503 -0.5773503 0.5773503 0.5773503 -0.5773503 0.5773503 0.5773503 -0.5773503 0.5773503 -0.5773503 -0.5773503 -0.5773503 -0.5773503 -0.5773503 -0.5773503 0.5773503 0.5773503 -0.5773503 -0.5773503 0.5773503 -0.5773503 0.5773503 0.5773503 0.5773503 -0.5773503 0.5773503 0.5773503 0.5773503 -0.5773503 -0.5773503 0.5773503 -0.5773503 -0.5773503 -0.5773503 0.5773503 -0.5773503 -0.5773503 0.5773503 -0.5773503 0.5773503 0.5773503 0.5773503 -0.5773503 0.5773503 0.5773503 0.5773503 -0.5773503 0.5773503 -0.5773503 -0.5773503 0.5773503 0.5773503 -0.5773503 -0.5773503 0.5773503 -0.5773503 -0.5773503 -0.5773503 0.5773503 -0.5773503 -0.5773503 0.5773503 -0.5773503 0.5773503 0.5773503 0.5773503 -0.5773503 0.5773503 0.5773503 0.5773503 -0.5773503 0.5773503 -0.5773503 -0.5773503 0.5773503 0.5773503 -0.3931865 -0.6105831 0.6874538 0.5773503 -0.5773503 0.5773503 0.5773503 0.5773503 0.5773503 -0.3931865 0.6105831 0.6874538 0.3015113 0.904534 0.3015113 0.3015113 -0.904534 0.3015113 0.5773503 -0.5773503 0.5773503 0.5773503 0.5773503 0.5773503 0.3015113 0.904534 0.3015113 0.3015113 -0.904534 0.3015113 0.5773503 -0.5773503 0.5773503 0.5773503 0.5773503 0.5773503 0.3015113 0.904534 0.3015113 0.3015113 -0.904534 0.3015113 0.5773503 -0.5773503 0.5773503 0.5773503 0.5773503 0.5773503 0.3015113 0.904534 0.3015113 0.3015113 -0.904534 0.3015113 0.5773503 -0.5773503 0.5773503 0.5773503 0.5773503 0.5773503 0.3015113 0.904534 0.3015113 0.3015113 -0.904534 0.3015113 0.5773503 -0.5773503 0.5773503 0.5773503 0.5773503 0.5773503 0.3015113 0.904534 0.3015113 0.3015113 -0.904534 0.3015113 0.5773503 -0.5773503 0.5773503 0.5773503 0.5773503 0.5773503 0.3015113 0.904534 0.3015113 0.3015113 -0.904534 0.3015113 0.5773503 -0.5773503 0.5773503 0.5773503 0.5773503 0.5773503 0.3015113 0.904534 0.3015113 0.3015113 -0.904534 0.3015113 0.5773503 -0.5773503 0.5773503 0.5773503 0.5773503 0.5773503 0.3015113 0.904534 0.3015113 0.3015113 -0.904534 0.3015113 0.5773503 -0.5773503 0.5773503 0.5773503 0.5773503 0.5773503 0.7311879 0.6524774 -0.1990917 0.7311879 -0.6524774 -0.1990917 0.2015684 0.5768922 -0.791559 0.2015684 -0.5768922 -0.791559 -0.7909351 -0.5778089 -0.2013915 -0.7909351 0.5778089 -0.2013915 -0.5773503 -0.5773503 0.5773503 -0.5773503 -0.5773503 -0.5773503 0.5773503 -0.5773503 -0.5773503 0.5773503 -0.5773503 0.5773503 0.5773503 0.5773503 -0.5773503 0.5773503 0.5773503 0.5773503 -0.5773503 0.5773503 -0.5773503 -0.5773503 0.5773503 0.5773503 -0.5773503 -0.5773503 0.5773503 -0.5773503 -0.5773503 -0.5773503 0.5773503 -0.5773503 -0.5773503 0.5773503 -0.5773503 0.5773503 0.5773503 0.5773503 -0.5773503 0.5773503 0.5773503 0.5773503 -0.5773503 0.5773503 -0.5773503 -0.5773503 0.5773503 0.5773503 -0.5773503 -0.5773503 0.5773503 -0.5773503 -0.5773503 -0.5773503 0.5773503 -0.5773503 -0.5773503 0.5773503 -0.5773503 0.5773503 0.5773503 0.5773503 -0.5773503 0.5773503 0.5773503 0.5773503 -0.5773503 0.5773503 -0.5773503 -0.5773503 0.5773503 0.5773503 -0.5773503 -0.5773503 0.5773503 -0.5773503 -0.5773503 -0.5773503 0.5773503 -0.5773503 -0.5773503 0.5773503 -0.5773503 0.5773503 0.5773503 0.5773503 -0.5773503 0.5773503 0.5773503 0.5773503 -0.5773503 0.5773503 -0.5773503 -0.5773503 0.5773503 0.5773503 -0.5773503 -0.5773503 0.5773503 -0.5773503 -0.5773503 -0.5773503 0.5773503 -0.5773503 -0.5773503 0.5773503 -0.5773503 0.5773503 0.5773503 0.5773503 -0.5773503 0.5773503 0.5773503 0.5773503 -0.5773503 0.5773503 -0.5773503 -0.5773503 0.5773503 0.5773503 -0.5773503 0.5773503 0.5773503 -0.5773503 0.5773503 -0.5773503 -0.5773503 -0.5773503 -0.5773503 -0.5773503 -0.5773503 0.5773503 0.5773503 -0.5773503 -0.5773503 0.5773503 -0.5773503 0.5773503 0.5773503 0.5773503 -0.5773503 0.5773503 0.5773503 0.5773503 -0.5773503 0.5773503 0.5773503 -0.5773503 0.5773503 -0.5773503 -0.5773503 -0.5773503 -0.5773503 -0.5773503 -0.5773503 0.5773503 0.5773503 -0.5773503 -0.5773503 0.5773503 -0.5773503 0.5773503 0.5773503 0.5773503 -0.5773503 0.5773503 0.5773503 0.5773503 0.5610369 0.5905348 0.5800916 0.5610369 0.5905348 -0.5800916 -0.5773503 0.5773503 -0.5773503 -0.5773503 0.5773503 0.5773503 -0.5773503 -0.5773503 -0.5773503 -0.5773503 -0.5773503 0.5773503 0.5932968 -0.5636609 -0.5747046 0.5932968 -0.5636609 0.5747046 0.5773503 0.5773503 0.5773503 0.5773503 0.5773503 -0.5773503 -0.5933056 0.5636531 -0.5747031 -0.5933056 0.5636531 0.5747031 -0.5610277 -0.590542 -0.5800931 -0.5610277 -0.590542 0.5800931 0.5773503 -0.5773503 -0.5773503 0.5773503 -0.5773503 0.5773503 0.5773503 0.5773503 0.5773503 0.5773503 0.5773503 -0.5773503 -0.5773503 0.5773503 -0.5773503 -0.5773503 0.5773503 0.5773503 -0.5773503 -0.5773503 -0.5773503 -0.5773503 -0.5773503 0.5773503 0.5773503 -0.5773503 -0.5773503 0.5773503 -0.5773503 0.5773503 0.5773503 0.5773503 -0.5773503 -0.5773503 0.5773503 -0.5773503 -0.5773503 -0.5773503 -0.5773503 0.5773503 -0.5773503 -0.5773503 -0.5773503 -0.5773503 0.5773503 0.5773503 -0.5773503 0.5773503 -0.5773503 0.5773503 0.5773503 0.5773503 0.5773503 0.5773503 -0.5896153 0.5622074 0.5798937 -0.5896153 0.5622074 -0.5798937 -0.5773503 -0.5773503 -0.5773503 -0.5773503 -0.5773503 0.5773503 0.5773503 -0.5773503 -0.5773503 0.5773503 -0.5773503 0.5773503 0.7071175 3.382852e-05 -0.707096 0.7071175 3.382852e-05 0.707096 0.5646189 0.5922011 -0.5748942 0.5646189 0.5922011 0.5748942 -0.5773503 0.5773503 0.5773503 -0.5773503 0.5773503 -0.5773503 -0.5773503 -0.5773503 -0.5773503 -0.5773503 -0.5773503 0.5773503 0.5773503 -0.5773503 -0.5773503 0.5773503 -0.5773503 0.5773503 0.5773503 0.5773503 -0.5773503 0.5773503 0.5773503 0.5773503 -0.5773503 0.5773503 -0.5773503 -0.5773503 0.5773503 0.5773503 -0.3015113 0.3015113 -0.904534 -0.3015113 0.3015113 0.904534 -0.5773503 0.5773503 -0.5773503 -0.5773503 -0.5773503 -0.5773503 0.5773503 -0.5773503 -0.5773503 0.5773503 0.5773503 -0.5773503 0.5773503 -0.5773503 0.5773503 0.5773503 0.5773503 0.5773503 -0.5773503 -0.5773503 0.5773503 -0.5773503 0.5773503 0.5773503 0.7071068 2.49888e-17 0.7071068 0.5773503 0.5773503 0.5773503 -0.5773503 0.5773503 0.5773503 -0.7071068 0 0.7071068 -0.5773503 0.5773503 -0.5773503 -0.7071068 0 -0.7071068 0.5773503 0.5773503 -0.5773503 0.7071068 0 -0.7071068 -0.5773503 0.5773503 -0.5773503 -0.5773503 -0.5773503 -0.5773503 0.5773503 -0.5773503 -0.5773503 0.5773503 0.5773503 -0.5773503 0.5773503 -0.5773503 0.5773503 0.5773503 0.5773503 0.5773503 -0.5773503 -0.5773503 0.5773503 -0.5773503 0.5773503 0.5773503 0.5773503 0.5773503 0.5773503 0.5773503 0.5773503 -0.5773503 -0.5773503 0.5773503 -0.5773503 -0.5773503 0.5773503 0.5773503 -0.7071068 0 -0.7071068 -0.7071068 0 0.7071068 -0.5773503 -0.5773503 -0.5773503 -0.5773503 -0.5773503 0.5773503 0.5773503 -0.5773503 -0.5773503 0.5773503 -0.5773503 0.5773503 -0.5646494 -0.5921768 0.5748893 -0.5646494 -0.5921768 -0.5748893 0.5896155 -0.5622071 -0.5798937 0.5896155 -0.5622071 0.5798937 0.7071068 0 -0.7071068 0.7071068 0 0.7071068 0.5773503 0.5773503 -0.5773503 0.5773503 0.5773503 0.5773503 -0.5773503 0.5773503 -0.5773503 -0.5773503 0.5773503 0.5773503 -0.5773503 0.5773503 -0.5773503 -0.5773503 -0.5773503 -0.5773503 0.5773503 -0.5773503 -0.5773503 0.5773503 0.5773503 -0.5773503 0.5773503 -0.5773503 0.5773503 0.5773503 0.5773503 0.5773503 -0.5773503 -0.5773503 0.5773503 -0.5773503 0.5773503 0.5773503 -0.5773503 0.5773503 0.5773503 -0.5773503 0.5773503 -0.5773503 -0.7071068 0 -0.7071068 -0.7071068 0 0.7071068 -0.7071068 0 -0.7071068 -0.7071068 0 0.7071068 -0.5773503 -0.5773503 -0.5773503 -0.5773503 -0.5773503 0.5773503 0.5773503 -0.5773503 -0.5773503 0.5773503 -0.5773503 0.5773503 0.5773503 0.5773503 -0.5773503 0.5773503 0.5773503 0.5773503 0.3015113 0.3015113 -0.904534 0.3015113 0.3015113 0.904534 0.5773503 0.5773503 -0.5773503 0.5773503 0.5773503 0.5773503 -0.5773503 0.5773503 -0.5773503 -0.5773503 -0.5773503 -0.5773503 0.5773503 -0.5773503 -0.5773503 0.5773503 0.5773503 -0.5773503 0.5773503 -0.5773503 0.5773503 0.5773503 0.5773503 0.5773503 -0.5773503 -0.5773503 0.5773503 -0.5773503 0.5773503 0.5773503 -0.5773503 -0.5773503 0.5773503 -0.5773503 -0.5773503 -0.5773503 0.5773503 -0.5773503 -0.5773503 0.5773503 -0.5773503 0.5773503 0.7071068 0 -0.7071068 0.7071068 0 0.7071068 0.7071068 0 -0.7071068 0.7071068 0 0.7071068 0.5773503 0.5773503 -0.5773503 0.5773503 0.5773503 0.5773503 -0.5773503 0.5773503 -0.5773503 -0.5773503 0.5773503 0.5773503 -0.3015113 0.3015113 -0.904534 -0.3015113 0.3015113 0.904534 -0.5773503 0.5773503 -0.5773503 -0.5773503 0.5773503 0.5773503 -0.7071068 0 -0.7071068 -0.7071068 0 0.7071068 -0.5773503 0.5773503 -0.5773503 -0.5773503 -0.5773503 -0.5773503 0.5773503 -0.5773503 -0.5773503 0.5773503 0.5773503 -0.5773503 0.5773503 -0.5773503 0.5773503 0.5773503 0.5773503 0.5773503 -0.5773503 -0.5773503 0.5773503 -0.5773503 0.5773503 0.5773503 -0.5773503 0.5773503 -0.5773503 -0.5773503 -0.5773503 -0.5773503 0.5773503 -0.5773503 -0.5773503 0.5773503 0.5773503 -0.5773503 0.5773503 -0.5773503 0.5773503 0.5773503 0.5773503 0.5773503 -0.5773503 -0.5773503 0.5773503 -0.5773503 0.5773503 0.5773503 0.5773503 0.5773503 -0.5773503 -0.5773503 0.5773503 -0.5773503 -0.5773503 -0.5773503 -0.5773503 0.5773503 -0.5773503 -0.5773503 -0.5773503 -0.5773503 0.5773503 0.5773503 -0.5773503 0.5773503 -0.5773503 0.5773503 0.5773503 0.5773503 0.5773503 0.5773503 -0.5773503 0.5773503 -0.5773503 -0.5773503 -0.5773503 -0.5773503 0.5773503 -0.5773503 -0.5773503 0.5773503 0.5773503 -0.5773503 0.5773503 -0.5773503 0.5773503 0.5773503 0.5773503 0.5773503 -0.5773503 -0.5773503 0.5773503 -0.5773503 0.5773503 0.5773503 0.5773503 0.5773503 -0.5773503 -0.5773503 0.5773503 -0.5773503 -0.5773503 -0.5773503 -0.5773503 0.5773503 -0.5773503 -0.5773503 -0.5773503 -0.5773503 0.5773503 0.5773503 -0.5773503 0.5773503 -0.5773503 0.5773503 0.5773503 0.5773503 0.5773503 0.5773503 -0.5773503 0.5773503 -0.5773503 -0.5773503 -0.5773503 -0.5773503 0.5773503 -0.5773503 -0.5773503 0.5773503 0.5773503 -0.5773503 0.5773503 -0.5773503 0.5773503 0.5773503 0.5773503 0.5773503 -0.5773503 -0.5773503 0.5773503 -0.5773503 0.5773503 0.5773503 -0.5773503 0.5773503 -0.5773503 -0.5773503 -0.5773503 -0.5773503 0.5773503 -0.5773503 -0.5773503 0.5773503 0.5773503 -0.5773503 0.5773503 -0.5773503 0.5773503 0.5773503 0.5773503 0.5773503 -0.5773503 -0.5773503 0.5773503 -0.5773503 0.5773503 0.5773503 -0.5773503 0.5773503 -0.5773503 -0.5773503 -0.5773503 -0.5773503 0.5773503 -0.5773503 -0.5773503 0.5773503 0.5773503 -0.5773503 0.5773503 -0.5773503 0.5773503 0.5773503 0.5773503 0.5773503 -0.5773503 -0.5773503 0.5773503 -0.5773503 0.5773503 0.5773503 -0.5773503 0.5773503 -0.5773503 -0.5773503 -0.5773503 -0.5773503 0.5773503 -0.5773503 -0.5773503 0.5773503 0.5773503 -0.5773503 0.5773503 -0.5773503 0.5773503 0.5773503 0.5773503 0.5773503 -0.5773503 -0.5773503 0.5773503 -0.5773503 0.5773503 0.5773503 0.5773503 0.5773503 -0.5773503 -0.5773503 0.5773503 -0.5773503 -0.5773503 -0.5773503 -0.5773503 0.5773503 -0.5773503 -0.5773503 -0.5773503 -0.5773503 0.5773503 0.5773503 -0.5773503 0.5773503 -0.5773503 0.5773503 0.5773503 0.5773503 0.5773503 0.5773503 0.5773503 -0.5773503 0.5773503 0.7071068 -4.99776e-17 0.7071068 -0.7071068 4.99776e-17 0.7071068 -0.5773503 -0.5773503 0.5773503 -0.7071068 -4.99776e-17 -0.7071068 -0.5773503 -0.5773503 -0.5773503 0.7071068 0 -0.7071068 0.5773503 -0.5773503 -0.5773503 0.5773503 0.5773503 -0.5773503 -0.5773503 0.5773503 -0.5773503 -0.5773503 -0.5773503 -0.5773503 0.5773503 -0.5773503 -0.5773503 -0.5773503 -0.5773503 0.5773503 0.5773503 -0.5773503 0.5773503 -0.5773503 0.5773503 0.5773503 0.5773503 0.5773503 0.5773503 0.5773503 0.5773503 -0.5773503 -0.5773503 0.5773503 -0.5773503 -0.5773503 -0.5773503 -0.5773503 0.5773503 -0.5773503 -0.5773503 -0.5773503 -0.5773503 0.5773503 0.5773503 -0.5773503 0.5773503 -0.5773503 0.5773503 0.5773503 0.5773503 0.5773503 0.5773503 0.5773503 0.5773503 -0.5773503 -0.5773503 0.5773503 -0.5773503 -0.5773503 -0.5773503 -0.5773503 0.5773503 -0.5773503 -0.5773503 -0.5773503 -0.5773503 0.5773503 0.5773503 -0.5773503 0.5773503 -0.5773503 0.5773503 0.5773503 0.5773503 0.5773503 0.5773503 0.5492149 0.6041768 -0.5773503 -0.6041768 0.5492149 -0.5773503 -0.5492149 -0.6041768 -0.5773503 0.6041768 -0.5492149 -0.5773503 -0.5492149 -0.6041768 0.5773503 0.6041768 -0.5492149 0.5773503 -0.6041768 0.5492149 0.5773503 0.5492149 0.6041768 0.5773503 0 -0.7071068 0.7071068 0 -0.7071068 -0.7071068 0 -0.7071068 -0.7071068 0 -0.7071068 0.7071068 -0.3015113 -0.3015113 -0.904534 -0.3015113 -0.3015113 0.904534 -0.7071068 0 -0.7071068 -0.7071068 0 0.7071068 -0.7071097 -9.077821e-06 -0.7071039 -0.7071097 -9.077821e-06 0.7071039 -0.3015107 0.301503 -0.904537 -0.3015107 0.301503 0.904537 0 0.7071068 -0.7071068 0 0.7071068 0.7071068 0 0.7071068 -0.7071068 0 0.7071068 0.7071068 0 0.7071068 -0.7071068 0 0.7071068 0.7071068 -0.5773503 0.5773503 -0.5773503 -0.5773503 0.5773503 0.5773503 -0.5773503 -0.5773503 -0.5773503 -0.5773503 -0.5773503 0.5773503 0.5773503 -0.5773503 0.5773503 0.5773503 -0.5773503 -0.5773503 0.5773503 0.5773503 -0.5773503 0.5773503 0.5773503 0.5773503 -0.5772354 0.577446 -0.5773695 -0.5772354 0.577446 0.5773695 -0.5774651 -0.5772546 -0.5773311 -0.5774651 -0.5772546 0.5773311 0.5773503 0.5773503 -0.5773503 -0.5773503 0.5773503 -0.5773503 -0.5773503 -0.5773503 -0.5773503 0.5773503 -0.5773503 -0.5773503 -0.5773503 -0.5773503 0.5773503 0.5773503 -0.5773503 0.5773503 -0.5773503 0.5773503 0.5773503 0.5773503 0.5773503 0.5773503 0.5773503 -0.5773503 0.5773503 -0.5773503 -0.5773503 0.5773503 -0.5773503 -0.5773503 -0.5773503 0.5773503 -0.5773503 -0.5773503 0.5773503 0.5773503 -0.5773503 -0.5773503 0.5773503 -0.5773503 -0.5773503 -0.5773503 -0.5773503 0.5773503 -0.5773503 -0.5773503 -0.5773503 -0.5773503 0.5773503 0.5773503 -0.5773503 0.5773503 -0.5773503 0.5773503 0.5773503 0.5773503 0.5773503 0.5773503 0.5773503 0.5773503 -0.5773503 -0.5773503 0.5773503 -0.5773503 -0.5773503 -0.5773503 -0.5773503 0.5773503 -0.5773503 -0.5773503 -0.5773503 -0.5773503 0.5773503 0.5773503 -0.5773503 0.5773503 -0.5773503 0.5773503 0.5773503 0.5773503 0.5773503 0.5773503 -0.5773503 0.5773503 -0.5773503 -0.5773503 -0.5773503 -0.5773503 0.5773503 -0.5773503 -0.5773503 0.5773503 0.5773503 -0.5773503 0.5773503 -0.5773503 0.5773503 0.5773503 0.5773503 0.5773503 -0.5773503 -0.5773503 0.5773503 -0.5773503 0.5773503 0.5773503 0.5773503 0.5773503 -0.5773503 -0.5773503 0.5773503 -0.5773503 -0.5773503 -0.5773503 -0.5773503 0.5773503 -0.5773503 -0.5773503 -0.5773503 -0.5773503 0.5773503 0.5773503 -0.5773503 0.5773503 -0.5773503 0.5773503 0.5773503 0.5773503 0.5773503 0.5773503 0.5773503 0.5773503 -0.5773503 -0.5773503 0.5773503 -0.5773503 -0.5773503 -0.5773503 -0.5773503 0.5773503 -0.5773503 -0.5773503 -0.5773503 -0.5773503 0.5773503 0.5773503 -0.5773503 0.5773503 -0.5773503 0.5773503 0.5773503 0.5773503 0.5773503 0.5773503 -0.606153 0.5470331 -0.5773503 -0.5470331 -0.606153 -0.5773503 0.606153 -0.5470331 -0.5773503 0.5470331 0.606153 -0.5773503 0.606153 -0.5470331 0.5773503 0.5470331 0.606153 0.5773503 -0.5470331 -0.606153 0.5773503 -0.606153 0.5470331 0.5773503 -0.5773503 -0.5773503 0.5773503 0 -0.7071068 0.7071068 0 0.7071068 0.7071068 -0.5773503 0.5773503 0.5773503 -2.49888e-17 0.7071068 -0.7071068 -0.5773503 0.5773503 -0.5773503 0 -0.7071068 -0.7071068 -0.5773503 -0.5773503 -0.5773503 -0.5773503 0.5773503 -0.5773503 -0.5773503 -0.5773503 -0.5773503 0.5773503 -0.5773503 -0.5773503 0.5773503 0.5773503 -0.5773503 0.5773503 -0.5773503 0.5773503 0.5773503 0.5773503 0.5773503 -0.5773503 -0.5773503 0.5773503 -0.5773503 0.5773503 0.5773503 -0.5773503 0.5773503 -0.5773503 -0.5773503 -0.5773503 -0.5773503 0.5773503 -0.5773503 -0.5773503 0.5773503 0.5773503 -0.5773503 0.5773503 -0.5773503 0.5773503 0.5773503 0.5773503 0.5773503 -0.5773503 -0.5773503 0.5773503 -0.5773503 0.5773503 0.5773503 -0.5773503 0.5773503 -0.5773503 -0.5773503 -0.5773503 -0.5773503 0.5773503 -0.5773503 -0.5773503 0.5773503 0.5773503 -0.5773503 0.5773503 -0.5773503 0.5773503 0.5773503 0.5773503 0.5773503 -0.5773503 -0.5773503 0.5773503 -0.5773503 0.5773503 0.5773503 0.5773503 0.5773503 -0.5773503 -0.5773503 0.5773503 -0.5773503 -0.5773503 -0.5773503 -0.5773503 0.5773503 -0.5773503 -0.5773503 -0.5773503 -0.5773503 0.5773503 0.5773503 -0.5773503 0.5773503 -0.5773503 0.5773503 0.5773503 0.5773503 0.5773503 0.5773503 0.5773503 -0.5773503 0.5773503 0.5773503 0.5773503 0.5773503 0.5773503 0.5773503 -0.5773503 0.5773503 -0.5773503 -0.5773503 -0.3773052 -0.6137108 0.6935415 0.5773503 -0.5773503 0.5773503 0.5773503 0.5773503 0.5773503 -0.3773052 0.6137108 0.6935415 0.3015113 0.904534 0.3015113 0.3015113 -0.904534 0.3015113 0.5773503 -0.5773503 0.5773503 0.5773503 0.5773503 0.5773503 0.3015113 0.904534 0.3015113 0.3015113 -0.904534 0.3015113 0.5773503 -0.5773503 0.5773503 0.5773503 0.5773503 0.5773503 0.3015113 0.904534 0.3015113 0.3015113 -0.904534 0.3015113 0.5773503 -0.5773503 0.5773503 0.5773503 0.5773503 0.5773503 0.3015113 0.904534 0.3015113 0.3015113 -0.904534 0.3015113 0.5773503 -0.5773503 0.5773503 0.5773503 0.5773503 0.5773503 0.3015113 0.904534 0.3015113 0.3015113 -0.904534 0.3015113 0.5773503 -0.5773503 0.5773503 0.5773503 0.5773503 0.5773503 0.3015113 0.904534 0.3015113 0.3015113 -0.904534 0.3015113 0.5773503 -0.5773503 0.5773503 0.5773503 0.5773503 0.5773503 0.3015113 0.904534 0.3015113 0.3015113 -0.904534 0.3015113 0.5773503 -0.5773503 0.5773503 0.5773503 0.5773503 0.5773503 0.3015113 0.904534 0.3015113 0.3015113 -0.904534 0.3015113 0.5773503 -0.5773503 0.5773503 0.5773503 0.5773503 0.5773503 0.3015113 0.904534 0.3015113 0.3015113 -0.904534 0.3015113 0.5773503 -0.5773503 0.5773503 0.5773503 0.5773503 0.5773503 0.3015113 0.904534 0.3015113 0.3015113 -0.904534 0.3015113 0.5773503 -0.5773503 0.5773503 0.5773503 0.5773503 0.5773503 0.3015113 0.904534 0.3015113 0.3015113 -0.904534 0.3015113 0.5773503 -0.5773503 0.5773503 0.5773503 0.5773503 0.5773503 0.3015113 0.904534 0.3015113 0.3015113 -0.904534 0.3015113 0.5773503 -0.5773503 0.5773503 0.5773503 0.5773503 0.5773503 0.3015113 0.904534 0.3015113 0.3015113 -0.904534 0.3015113 0.5773503 -0.5773503 0.5773503 0.5773503 0.5773503 0.5773503 0.3015113 0.904534 0.3015113 0.3015113 -0.904534 0.3015113 0.5773503 -0.5773503 0.5773503 0.5773503 0.5773503 0.5773503 0.7289522 0.6460387 -0.2264127 0.7289522 -0.6460387 -0.2264127 0.1600215 0.5788838 -0.799554 0.1600215 -0.5788838 -0.799554 -0.7983293 -0.5773044 -0.1714347 -0.7983293 0.5773044 -0.1714347 -0.5773503 0.5773503 -0.5773503 -0.5773503 -0.5773503 -0.5773503 0.5773503 -0.5773503 -0.5773503 0.5773503 0.5773503 -0.5773503 0.5773503 -0.5773503 0.5773503 0.5773503 0.5773503 0.5773503 -0.5773503 -0.5773503 0.5773503 -0.5773503 0.5773503 0.5773503 -0.5773503 0.5773503 -0.5773503 -0.5773503 -0.5773503 -0.5773503 0.5773503 -0.5773503 -0.5773503 0.5773503 0.5773503 -0.5773503 0.5773503 -0.5773503 0.5773503 0.5773503 0.5773503 0.5773503 -0.5773503 -0.5773503 0.5773503 -0.5773503 0.5773503 0.5773503 0.5773503 0.5773503 0.5773503 -0.5773503 0.5773503 0.5773503 -0.5773503 0.5773503 -0.5773503 0.5773503 0.5773503 -0.5773503 -0.5773503 0.5773503 -0.5773503 -0.5773503 -0.5773503 -0.5773503 0.5773503 -0.5773503 -0.5773503 0.5773503 0.5773503 -0.5773503 0.5773503 -0.5773503 0.5773503 0.5773503 0.5773503 0.5773503 -0.5773503 -0.5773503 0.5773503 -0.5773503 0.5773503 0.5773503 0.3015113 0.3015113 0.904534 0.3015113 0.3015113 -0.904534 0.7071037 -9.623263e-06 -0.7071098 0.7071037 -9.623263e-06 0.7071098 0.7071098 -9.623346e-06 -0.7071037 0.7071098 -9.623346e-06 0.7071037 0.7071068 0 -0.7071068 0.7071068 0 0.7071068 0.3015163 -0.3015117 -0.9045323 0.3015163 -0.3015117 0.9045323 -0.3015064 -0.301511 -0.9045358 -0.3015064 -0.301511 0.9045358 -0.5773503 -0.5773503 -0.5773503 -0.5773503 -0.5773503 0.5773503 0.5773503 -0.5773503 -0.5773503 0.5773503 -0.5773503 0.5773503 0.7071068 0 -0.7071068 0.7071068 0 0.7071068 0.3015113 -0.3015113 -0.904534 0.3015113 -0.3015113 0.904534 0 -0.7071068 -0.7071068 0 -0.7071068 0.7071068 0.577379 -0.5773263 -0.5773455 0.577379 -0.5773263 0.5773455 0.5773854 0.5772975 -0.5773679 0.5773854 0.5772975 0.5773679 -0.576589 0.578007 -0.5774539 -0.576589 0.578007 0.5774539 -0.3014871 0.3022279 -0.904303 -0.3014871 0.3022279 0.904303 -0.5772295 0.577474 -0.5773472 -0.5772295 0.577474 0.5773472 -0.5774588 -0.577241 -0.5773509 -0.5774588 -0.577241 0.5773509 0.5772992 -0.5774116 -0.57734 0.5772992 -0.5774116 0.57734 0.5773503 0.5773503 -0.5773503 0.5773503 0.5773503 0.5773503 0.5773503 0.5773503 -0.5773503 -0.5773503 0.5773503 -0.5773503 -0.5773503 -0.5773503 -0.5773503 0.5773503 -0.5773503 -0.5773503 -0.5773503 -0.5773503 0.5773503 0.5773503 -0.5773503 0.5773503 -0.5773503 0.5773503 0.5773503 0.5773503 0.5773503 0.5773503 0.5773503 0.5773503 -0.5773503 -0.5773503 0.5773503 -0.5773503 -0.5773503 -0.5773503 -0.5773503 0.5773503 -0.5773503 -0.5773503 -0.5773503 -0.5773503 0.5773503 0.5773503 -0.5773503 0.5773503 -0.5773503 0.5773503 0.5773503 0.5773503 0.5773503 0.5773503 -0.5773503 -0.5773503 0.5773503 -0.5773503 -0.5773503 -0.5773503 0.5773503 -0.5773503 -0.5773503 0.5773503 -0.5773503 0.5773503 0.5773503 0.5773503 -0.5773503 0.5773503 0.5773503 0.5773503 -0.5773503 0.5773503 -0.5773503 -0.5773503 0.5773503 0.5773503 0.5773503 0.5773503 -0.5773503 -0.5773503 0.5773503 -0.5773503 -0.5773503 -0.5773503 -0.5773503 0.5773503 -0.5773503 -0.5773503 -0.5773503 -0.5773503 0.5773503 0.5773503 -0.5773503 0.5773503 -0.5773503 0.5773503 0.5773503 0.5773503 0.5773503 0.5773503 -0.5773503 -0.5773503 0.5773503 -0.5773503 -0.5773503 -0.5773503 0.5773503 -0.5773503 -0.5773503 0.5773503 -0.5773503 0.5773503 0.5773503 0.5773503 -0.5773503 0.5773503 0.5773503 0.5773503 -0.5773503 0.5773503 -0.5773503 -0.5773503 0.5773503 0.5773503 -0.5773503 -0.5773503 0.5773503 -0.5773503 -0.5773503 -0.5773503 0.5773503 -0.5773503 -0.5773503 0.5773503 -0.5773503 0.5773503 0.5773503 0.5773503 -0.5773503 0.5773503 0.5773503 0.5773503 -0.5773503 0.5773503 -0.5773503 -0.5773503 0.5773503 0.5773503 -0.5773503 -0.5773503 0.5773503 -0.5773503 -0.5773503 -0.5773503 0.5773503 -0.5773503 -0.5773503 0.5773503 -0.5773503 0.5773503 0.5773503 0.5773503 -0.5773503 0.5773503 0.5773503 0.5773503 -0.5773503 0.5773503 -0.5773503 -0.5773503 0.5773503 0.5773503 -0.5773503 -0.5773503 0.5773503 -0.5773503 -0.5773503 -0.5773503 0.5773503 -0.5773503 -0.5773503 0.5773503 -0.5773503 0.5773503 0.5773503 0.5773503 -0.5773503 0.5773503 0.5773503 0.5773503 -0.5773503 0.5773503 -0.5773503 -0.5773503 0.5773503 0.5773503 -0.5773503 -0.5773503 0.5773503 -0.5773503 -0.5773503 -0.5773503 0.5773503 -0.5773503 -0.5773503 0.5773503 -0.5773503 0.5773503 0.5773503 0.5773503 -0.5773503 0.5773503 0.5773503 0.5773503 -0.5773503 0.5773503 -0.5773503 -0.5773503 0.5773503 0.5773503 -0.5773503 -0.5773503 0.5773503 -0.5773503 -0.5773503 -0.5773503 0.5773503 -0.5773503 -0.5773503 0.5773503 -0.5773503 0.5773503 0.5773503 0.5773503 -0.5773503 0.5773503 0.5773503 0.5773503 -0.5773503 0.5773503 -0.5773503 -0.5773503 0.5773503 0.5773503 -0.5773503 -0.5773503 0.5773503 -0.5773503 -0.5773503 -0.5773503 0.5773503 -0.5773503 -0.5773503 0.5773503 -0.5773503 0.5773503 0.5773503 0.5773503 -0.5773503 0.5773503 0.5773503 0.5773503 -0.5773503 0.5773503 -0.5773503 -0.5773503 0.5773503 0.5773503 -0.5773503 -0.5773503 0.5773503 -0.5773503 -0.5773503 -0.5773503 0.5773503 -0.5773503 -0.5773503 0.5773503 -0.5773503 0.5773503 0.5773503 0.5773503 -0.5773503 0.5773503 0.5773503 0.5773503 -0.5773503 0.5773503 -0.5773503 -0.5773503 0.5773503 0.5773503 -0.5773503 -0.5773503 0.5773503 -0.5773503 -0.5773503 -0.5773503 0.5773503 -0.5773503 -0.5773503 0.5773503 -0.5773503 0.5773503 0.5773503 0.5773503 -0.5773503 0.5773503 0.5773503 0.5773503 -0.5773503 0.5773503 -0.5773503 -0.5773503 0.5773503 0.5773503 -0.5773503 -0.5773503 0.5773503 -0.5773503 -0.5773503 -0.5773503 0.5773503 -0.5773503 -0.5773503 0.5773503 -0.5773503 0.5773503 0.5773503 0.5773503 -0.5773503 0.5773503 0.5773503 0.5773503 -0.5773503 0.5773503 -0.5773503 -0.5773503 0.5773503 0.5773503 -0.5773503 -0.5773503 0.5773503 -0.5773503 -0.5773503 -0.5773503 0.5773503 -0.5773503 -0.5773503 0.5773503 -0.5773503 0.5773503 0.5773503 0.5773503 -0.5773503 0.5773503 0.5773503 0.5773503 -0.5773503 0.5773503 -0.5773503 -0.5773503 0.5773503 0.5773503 -0.5773503 -0.5773503 0.5773503 -0.5773503 -0.5773503 -0.5773503 0.5773503 -0.5773503 -0.5773503 0.5773503 -0.5773503 0.5773503 0.5773503 0.5773503 -0.5773503 0.5773503 0.5773503 0.5773503 -0.5773503 0.5773503 -0.5773503 -0.5773503 0.5773503 0.5773503 -0.5773503 -0.5773503 0.5773503 -0.5773503 -0.5773503 -0.5773503 0.5773503 -0.5773503 -0.5773503 0.5773503 -0.5773503 0.5773503 0.5773503 0.5773503 -0.5773503 0.5773503 0.5773503 0.5773503 -0.5773503 0.5773503 -0.5773503 -0.5773503 0.5773503 0.5773503 -0.5773503 -0.5773503 0.5773503 -0.5773503 -0.5773503 -0.5773503 0.5773503 -0.5773503 -0.5773503 0.5773503 -0.5773503 0.5773503 0.5773503 0.5773503 -0.5773503 0.5773503 0.5773503 0.5773503 -0.5773503 0.5773503 -0.5773503 -0.5773503 0.5773503 0.5773503 -0.5773503 -0.5773503 0.5773503 -0.5773503 -0.5773503 -0.5773503 0.5773503 -0.5773503 -0.5773503 0.5773503 -0.5773503 0.5773503 0.5773503 0.5773503 -0.5773503 0.5773503 0.5773503 0.5773503 -0.5773503 0.5773503 -0.5773503 -0.5773503 0.5773503 0.5773503 -0.5773503 -0.5773503 0.5773503 -0.5773503 -0.5773503 -0.5773503 0.5773503 -0.5773503 -0.5773503 0.5773503 -0.5773503 0.5773503 0.5773503 0.5773503 -0.5773503 0.5773503 0.5773503 0.5773503 -0.5773503 0.5773503 -0.5773503 -0.5773503 0.5773503 0.5773503 -0.5773503 -0.5773503 0.5773503 -0.5773503 -0.5773503 -0.5773503 0.5773503 -0.5773503 -0.5773503 0.5773503 -0.5773503 0.5773503 0.5773503 0.5773503 -0.5773503 0.5773503 0.5773503 0.5773503 -0.5773503 0.5773503 -0.5773503 -0.5773503 0.5773503 0.5773503 -0.5773503 -0.5773503 0.5773503 -0.5773503 -0.5773503 -0.5773503 0.5773503 -0.5773503 -0.5773503 0.5773503 -0.5773503 0.5773503 0.5773503 0.5773503 -0.5773503 0.5773503 0.5773503 0.5773503 -0.5773503 0.5773503 -0.5773503 -0.5773503 0.5773503 0.5773503 -0.5773503 -0.5773503 0.5773503 -0.5773503 -0.5773503 -0.5773503 0.5773503 -0.5773503 -0.5773503 0.5773503 -0.5773503 0.5773503 0.5773503 0.5773503 -0.5773503 0.5773503 0.5773503 0.5773503 -0.5773503 0.5773503 -0.5773503 -0.5773503 0.5773503 0.5773503 -0.5773503 -0.5773503 0.5773503 -0.5773503 -0.5773503 -0.5773503 0.5773503 -0.5773503 -0.5773503 0.5773503 -0.5773503 0.5773503 0.5773503 0.5773503 -0.5773503 0.5773503 0.5773503 0.5773503 -0.5773503 0.5773503 -0.5773503 -0.5773503 0.5773503 0.5773503 -0.5773503 -0.5773503 0.5773503 -0.5773503 -0.5773503 -0.5773503 0.5773503 -0.5773503 -0.5773503 0.5773503 -0.5773503 0.5773503 0.5773503 0.5773503 -0.5773503 0.5773503 0.5773503 0.5773503 -0.5773503 0.5773503 -0.5773503 -0.5773503 0.5773503 0.5773503 -0.5773503 -0.5773503 0.5773503 -0.5773503 -0.5773503 -0.5773503 0.5773503 -0.5773503 -0.5773503 0.5773503 -0.5773503 0.5773503 0.5773503 0.5773503 -0.5773503 0.5773503 0.5773503 0.5773503 -0.5773503 0.5773503 -0.5773503 -0.5773503 0.5773503 0.5773503 -0.5773503 -0.5773503 0.5773503 -0.5773503 -0.5773503 -0.5773503 0.5773503 -0.5773503 -0.5773503 0.5773503 -0.5773503 0.5773503 0.5773503 0.5773503 -0.5773503 0.5773503 0.5773503 0.5773503 -0.5773503 0.5773503 -0.5773503 -0.5773503 0.5773503 0.5773503 -0.5773503 -0.5773503 0.5773503 -0.5773503 -0.5773503 -0.5773503 0.5773503 -0.5773503 -0.5773503 0.5773503 -0.5773503 0.5773503 0.5773503 0.5773503 -0.5773503 0.5773503 0.5773503 0.5773503 -0.5773503 0.5773503 -0.5773503 -0.5773503 0.5773503 0.5773503 -0.5773503 -0.5773503 0.5773503 -0.5773503 -0.5773503 -0.5773503 0.5773503 -0.5773503 -0.5773503 0.5773503 -0.5773503 0.5773503 0.5773503 0.5773503 -0.5773503 0.5773503 0.5773503 0.5773503 -0.5773503 0.5773503 -0.5773503 -0.5773503 0.5773503 0.5773503</float_array>
          <technique_common>
            <accessor count="1580" source="#normals-array-array" stride="3">
              <param type="float" name="X"/>
              <param type="float" name="Y"/>
              <param type="float" name="Z"/>
            </accessor>
          </technique_common>
        </source>
        <source id="texcoords-array">
          <float_array count="3160" id="texcoords-array-array">0.6109871 0.3482143 0.6109871 0.3482143 0.6109871 0.3482143 0.6109871 0.3482143 0.6109871 0.3482143 0.6109871 0.3482143 0.6109871 0.3482143 0.6109871 0.3482143 0.6109871 0.3482143 0.6109871 0.3482143 0.6109871 0.3482143 0.6109871 0.3482143 0.6109871 0.3482143 0.6109871 0.3482143 0.6109871 0.3482143 0.6109871 0.3482143 0.6109871 0.3482143 0.6109871 0.3482143 0.6109871 0.3482143 0.6109871 0.3482143 0.6109871 0.3482143 0.6109871 0.3482143 0.6109871 0.3482143 0.6109871 0.3482143 0.6109871 0.3482143 0.6109871 0.3482143 0.6109871 0.3482143 0.6109871 0.3482143 0.6109871 0.3482143 0.6109871 0.3482143 0.6109871 0.3482143 0.6109871 0.3482143 0.6109871 0.3482143 0.6109871 0.3482143 0.6109871 0.3482143 0.6109871 0.3482143 0.6109871 0.3482143 0.6109871 0.3482143 0.6109871 0.3482143 0.6109871 0.3482143 0.6109871 0.3482143 0.6109871 0.3482143 0.6109871 0.3482143 0.6109871 0.3482143 0.6109871 0.3482143 0.6109871 0.3482143 0.6109871 0.3482143 0.6109871 0.3482143 0.6109871 0.3482143 0.6109871 0.3482143 0.6109871 0.3482143 0.6109871 0.3482143 0.6109871 0.3482143 0.6109871 0.3482143 0.6109871 0.3482143 0.6109871 0.3482143 0.6109871 0.3482143 0.6109871 0.3482143 0.6109871 0.3482143 0.6109871 0.3482143 0.515749 0.3482143 0.515749 0.3482143 0.515749 0.3482143 0.515749 0.3482143 0.515749 0.3482143 0.515749 0.3482143 0.515749 0.3482143 0.515749 0.3482143 0.4205109 0.3482143 0.4205109 0.3482143 0.4205109 0.3482143 0.4205109 0.3482143 0.4205109 0.3482143 0.4205109 0.3482143 0.4205109 0.3482143 0.4205109 0.3482143 0.4205109 0.3482143 0.4205109 0.3482143 0.4205109 0.3482143 0.4205109 0.3482143 0.4205109 0.3482143 0.4205109 0.3482143 0.3252728 0.3482143 0.3252728 0.3482143 0.3252728 0.3482143 0.3252728 0.3482143 0.3252728 0.3482143 0.3252728 0.3482143 0.3252728 0.3482143 0.3252728 0.3482143 0.3252728 0.3482143 0.3252728 0.3482143 0.3252728 0.3482143 0.3252728 0.3482143 0.515749 0.3482143 0.515749 0.3482143 0.515749 0.3482143 0.515749 0.3482143 0.515749 0.3482143 0.515749 0.3482143 0.515749 0.3482143 0.515749 0.3482143 0.6109871 0.3482143 0.6109871 0.3482143 0.6109871 0.3482143 0.6109871 0.3482143 0.6109871 0.3482143 0.6109871 0.3482143 0.6109871 0.3482143 0.6109871 0.3482143 0.6109871 0.3482143 0.6109871 0.3482143 0.6109871 0.3482143 0.6109871 0.3482143 0.6109871 0.3482143 0.6109871 0.3482143 0.6109871 0.3482143 0.6109871 0.3482143 0.6109871 0.3482143 0.6109871 0.3482143 0.6109871 0.3482143 0.6109871 0.3482143 0.6109871 0.3482143 0.6109871 0.3482143 0.6109871 0.3482143 0.6109871 0.3482143 0.6109871 0.3482143 0.6109871 0.3482143 0.6109871 0.3482143 0.6109871 0.3482143 0.6109871 0.3482143 0.6109871 0.3482143 0.6109871 0.3482143 0.6109871 0.3482143 0.3252728 0.3482143 0.3252728 0.3482143 0.3252728 0.3482143 0.3252728 0.3482143 0.3252728 0.3482143 0.3252728 0.3482143 0.3252728 0.3482143 0.3252728 0.3482143 0.3252728 0.3482143 0.3252728 0.3482143 0.3252728 0.3482143 0.3252728 0.3482143 0.3252728 0.3482143 0.3252728 0.3482143 0.3252728 0.3482143 0.3252728 0.3482143 0.2300347 0.3482143 0.2300347 0.3482143 0.2300347 0.3482143 0.2300347 0.3482143 0.2300347 0.3482143 0.2300347 0.3482143 0.2300347 0.3482143 0.2300347 0.3482143 0.515749 0.3482143 0.515749 0.3482143 0.515749 0.3482143 0.515749 0.3482143 0.515749 0.3482143 0.515749 0.3482143 0.515749 0.3482143 0.515749 0.3482143 0.515749 0.3482143 0.515749 0.3482143 0.515749 0.3482143 0.515749 0.3482143 0.515749 0.3482143 0.515749 0.3482143 0.515749 0.3482143 0.515749 0.3482143 0.515749 0.3482143 0.515749 0.3482143 0.515749 0.3482143 0.515749 0.3482143 0.515749 0.3482143 0.515749 0.3482143 0.515749 0.3482143 0.515749 0.3482143 0.515749 0.3482143 0.515749 0.3482143 0.515749 0.3482143 0.515749 0.3482143 0.515749 0.3482143 0.515749 0.3482143 0.515749 0.3482143 0.515749 0.3482143 0.515749 0.3482143 0.515749 0.3482143 0.515749 0.3482143 0.515749 0.3482143 0.515749 0.3482143 0.515749 0.3482143 0.515749 0.3482143 0.515749 0.3482143 0.515749 0.3482143 0.515749 0.3482143 0.515749 0.3482143 0.515749 0.3482143 0.515749 0.3482143 0.515749 0.3482143 0.515749 0.3482143 0.515749 0.3482143 0.515749 0.3482143 0.515749 0.3482143 0.515749 0.3482143 0.515749 0.3482143 0.515749 0.3482143 0.515749 0.3482143 0.515749 0.3482143 0.515749 0.3482143 0.1347966 0.3482143 0.1347966 0.3482143 0.1347966 0.3482143 0.1347966 0.3482143 0.1347966 0.3482143 0.1347966 0.3482143 0.1347966 0.3482143 0.1347966 0.3482143 0.03955853 0.3482143 0.03955853 0.3482143 0.03955853 0.3482143 0.03955853 0.3482143 0.03955853 0.3482143 0.03955853 0.3482143 0.03955853 0.3482143 0.03955853 0.3482143 0.1347966 0.3482143 0.1347966 0.3482143 0.1347966 0.3482143 0.1347966 0.3482143 0.1347966 0.3482143 0.1347966 0.3482143 0.1347966 0.3482143 0.1347966 0.3482143 0.1347966 0.3482143 0.1347966 0.3482143 0.1347966 0.3482143 0.1347966 0.3482143 0.1347966 0.3482143 0.1347966 0.3482143 0.1347966 0.3482143 0.1347966 0.3482143 0.1347966 0.3482143 0.1347966 0.3482143 0.1347966 0.3482143 0.1347966 0.3482143 0.1347966 0.3482143 0.1347966 0.3482143 0.1347966 0.3482143 0.1347966 0.3482143 0.1347966 0.3482143 0.1347966 0.3482143 0.1347966 0.3482143 0.1347966 0.3482143 0.1347966 0.3482143 0.1347966 0.3482143 0.1347966 0.3482143 0.1347966 0.3482143 0.03955853 0.3482143 0.03955853 0.3482143 0.03955853 0.3482143 0.03955853 0.3482143 0.03955853 0.3482143 0.03955853 0.3482143 0.03955853 0.3482143 0.03955853 0.3482143 0.03955853 0.3482143 0.03955853 0.3482143 0.1347966 0.3482143 0.1347966 0.3482143 0.1347966 0.3482143 0.1347966 0.3482143 0.1347966 0.3482143 0.1347966 0.3482143 0.1347966 0.3482143 0.1347966 0.3482143 0.1347966 0.3482143 0.1347966 0.3482143 0.1347966 0.3482143 0.1347966 0.3482143 0.1347966 0.3482143 0.1347966 0.3482143 0.1347966 0.3482143 0.1347966 0.3482143 0.03955853 0.3482143 0.03955853 0.3482143 0.03955853 0.3482143 0.03955853 0.3482143 0.03955853 0.3482143 0.03955853 0.3482143 0.03955853 0.3482143 0.03955853 0.3482143 0.03955853 0.3482143 0.03955853 0.3482143 0.03955853 0.3482143 0.03955853 0.3482143 0.03955853 0.3482143 0.03955853 0.3482143 0.03955853 0.3482143 0.03955853 0.3482143 0.03955853 0.3482143 0.03955853 0.3482143 0.03955853 0.3482143 0.03955853 0.3482143 0.03955853 0.3482143 0.03955853 0.3482143 0.03955853 0.3482143 0.03955853 0.3482143 0.03955853 0.3482143 0.03955853 0.3482143 0.03955853 0.3482143 0.03955853 0.3482143 0.03955853 0.3482143 0.03955853 0.3482143 0.03955853 0.3482143 0.03955853 0.3482143 0.03955853 0.3482143 0.03955853 0.3482143 0.03955853 0.3482143 0.03955853 0.3482143 0.1347966 0.3482143 0.1347966 0.3482143 0.1347966 0.3482143 0.1347966 0.3482143 0.1347966 0.3482143 0.1347966 0.3482143 0.1347966 0.3482143 0.1347966 0.3482143 0.1347966 0.3482143 0.1347966 0.3482143 0.1347966 0.3482143 0.1347966 0.3482143 0.1347966 0.3482143 0.1347966 0.3482143 0.1347966 0.3482143 0.1347966 0.3482143 0.1347966 0.3482143 0.1347966 0.3482143 0.1347966 0.3482143 0.1347966 0.3482143 0.1347966 0.3482143 0.1347966 0.3482143 0.1347966 0.3482143 0.1347966 0.3482143 0.1347966 0.3482143 0.1347966 0.3482143 0.1347966 0.3482143 0.1347966 0.3482143 0.1347966 0.3482143 0.1347966 0.3482143 0.1347966 0.3482143 0.1347966 0.3482143 0.4205109 0.3482143 0.4205109 0.3482143 0.4205109 0.3482143 0.4205109 0.3482143 0.4205109 0.3482143 0.4205109 0.3482143 0.4205109 0.3482143 0.4205109 0.3482143 0.4205109 0.3482143 0.4205109 0.3482143 0.4205109 0.3482143 0.4205109 0.3482143 0.4205109 0.3482143 0.4205109 0.3482143 0.4205109 0.3482143 0.4205109 0.3482143 0.4205109 0.3482143 0.4205109 0.3482143 0.4205109 0.3482143 0.4205109 0.3482143 0.4205109 0.3482143 0.4205109 0.3482143 0.4205109 0.3482143 0.4205109 0.3482143 0.4205109 0.3482143 0.4205109 0.3482143 0.1347966 0.3482143 0.1347966 0.3482143 0.1347966 0.3482143 0.1347966 0.3482143 0.1347966 0.3482143 0.1347966 0.3482143 0.1347966 0.3482143 0.1347966 0.3482143 0.1347966 0.3482143 0.1347966 0.3482143 0.1347966 0.3482143 0.1347966 0.3482143 0.1347966 0.3482143 0.1347966 0.3482143 0.1347966 0.3482143 0.1347966 0.3482143 0.1347966 0.3482143 0.1347966 0.3482143 0.1347966 0.3482143 0.1347966 0.3482143 0.1347966 0.3482143 0.1347966 0.3482143 0.1347966 0.3482143 0.1347966 0.3482143 0.1347966 0.3482143 0.1347966 0.3482143 0.1347966 0.3482143 0.1347966 0.3482143 0.1347966 0.3482143 0.1347966 0.3482143 0.1347966 0.3482143 0.1347966 0.3482143 0.1347966 0.3482143 0.1347966 0.3482143 0.1347966 0.3482143 0.1347966 0.3482143 0.3252728 0.3482143 0.3252728 0.3482143 0.3252728 0.3482143 0.3252728 0.3482143 0.3252728 0.3482143 0.3252728 0.3482143 0.3252728 0.3482143 0.3252728 0.3482143 0.3252728 0.3482143 0.3252728 0.3482143 0.3252728 0.3482143 0.3252728 0.3482143 0.3252728 0.3482143 0.3252728 0.3482143 0.3252728 0.3482143 0.3252728 0.3482143 0.3252728 0.3482143 0.3252728 0.3482143 0.3252728 0.3482143 0.3252728 0.3482143 0.3252728 0.3482143 0.3252728 0.3482143 0.3252728 0.3482143 0.3252728 0.3482143 0.3252728 0.3482143 0.3252728 0.3482143 0.1347966 0.3482143 0.1347966 0.3482143 0.1347966 0.3482143 0.1347966 0.3482143 0.1347966 0.3482143 0.1347966 0.3482143 0.1347966 0.3482143 0.1347966 0.3482143 0.1347966 0.3482143 0.1347966 0.3482143 0.1347966 0.3482143 0.1347966 0.3482143 0.1347966 0.3482143 0.1347966 0.3482143 0.1347966 0.3482143 0.1347966 0.3482143 0.1347966 0.3482143 0.1347966 0.3482143 0.1347966 0.3482143 0.1347966 0.3482143 0.1347966 0.3482143 0.1347966 0.3482143 0.1347966 0.3482143 0.1347966 0.3482143 0.1347966 0.3482143 0.1347966 0.3482143 0.1347966 0.3482143 0.1347966 0.3482143 0.1347966 0.3482143 0.1347966 0.3482143 0.1347966 0.3482143 0.1347966 0.3482143 0.1347966 0.3482143 0.1347966 0.3482143 0.1347966 0.3482143 0.1347966 0.3482143 0.1347966 0.3482143 0.1347966 0.3482143 0.1347966 0.3482143 0.1347966 0.3482143 0.1347966 0.3482143 0.1347966 0.3482143 0.1347966 0.3482143 0.1347966 0.3482143 0.3252728 0.3482143 0.3252728 0.3482143 0.3252728 0.3482143 0.3252728 0.3482143 0.3252728 0.3482143 0.3252728 0.3482143 0.3252728 0.3482143 0.3252728 0.3482143 0.1347966 0.3482143 0.1347966 0.3482143 0.1347966 0.3482143 0.1347966 0.3482143 0.1347966 0.3482143 0.1347966 0.3482143 0.1347966 0.3482143 0.1347966 0.3482143 0.3252728 0.3482143 0.3252728 0.3482143 0.3252728 0.3482143 0.3252728 0.3482143 0.3252728 0.3482143 0.3252728 0.3482143 0.3252728 0.3482143 0.3252728 0.3482143 0.3252728 0.3482143 0.3252728 0.3482143 0.3252728 0.3482143 0.3252728 0.3482143 0.3252728 0.3482143 0.3252728 0.3482143 0.3252728 0.3482143 0.3252728 0.3482143 0.3252728 0.3482143 0.3252728 0.3482143 0.3252728 0.3482143 0.3252728 0.3482143 0.3252728 0.3482143 0.3252728 0.3482143 0.3252728 0.3482143 0.3252728 0.3482143 0.3252728 0.3482143 0.3252728 0.3482143 0.3252728 0.3482143 0.3252728 0.3482143 0.3252728 0.3482143 0.3252728 0.3482143 0.3252728 0.3482143 0.3252728 0.3482143 0.3252728 0.3482143 0.3252728 0.3482143 0.3252728 0.3482143 0.3252728 0.3482143 0.3252728 0.3482143 0.3252728 0.3482143 0.3252728 0.3482143 0.3252728 0.3482143 0.3252728 0.3482143 0.3252728 0.3482143 0.3252728 0.3482143 0.3252728 0.3482143 0.3252728 0.3482143 0.3252728 0.3482143 0.3252728 0.3482143 0.3252728 0.3482143 0.3252728 0.3482143 0.3252728 0.3482143 0.3252728 0.3482143 0.3252728 0.3482143 0.3252728 0.3482143 0.3252728 0.3482143 0.3252728 0.3482143 0.3252728 0.3482143 0.3252728 0.3482143 0.3252728 0.3482143 0.3252728 0.3482143 0.3252728 0.3482143 0.3252728 0.3482143 0.3252728 0.3482143 0.3252728 0.3482143 0.3252728 0.3482143 0.3252728 0.3482143 0.3252728 0.3482143 0.3252728 0.3482143 0.3252728 0.3482143 0.3252728 0.3482143 0.3252728 0.3482143 0.3252728 0.3482143 0.3252728 0.3482143 0.3252728 0.3482143 0.3252728 0.3482143 0.3252728 0.3482143 0.3252728 0.3482143 0.3252728 0.3482143 0.3252728 0.3482143 0.3252728 0.3482143 0.3252728 0.3482143 0.3252728 0.3482143 0.3252728 0.3482143 0.3252728 0.3482143 0.3252728 0.3482143 0.3252728 0.3482143 0.3252728 0.3482143 0.3252728 0.3482143 0.3252728 0.3482143 0.3252728 0.3482143 0.3252728 0.3482143 0.3252728 0.3482143 0.3252728 0.3482143 0.3252728 0.3482143 0.3252728 0.3482143 0.3252728 0.3482143 0.3252728 0.3482143 0.3252728 0.3482143 0.3252728 0.3482143 0.3252728 0.3482143 0.3252728 0.3482143 0.3252728 0.3482143 0.3252728 0.3482143 0.3252728 0.3482143 0.3252728 0.3482143 0.3252728 0.3482143 0.3252728 0.3482143 0.3252728 0.3482143 0.3252728 0.3482143 0.3252728 0.3482143 0.3252728 0.3482143 0.3252728 0.3482143 0.3252728 0.3482143 0.3252728 0.3482143 0.3252728 0.3482143 0.3252728 0.3482143 0.3252728 0.3482143 0.3252728 0.3482143 0.3252728 0.3482143 0.3252728 0.3482143 0.3252728 0.3482143 0.3252728 0.3482143 0.3252728 0.3482143 0.3252728 0.3482143 0.3252728 0.3482143 0.3252728 0.3482143 0.3252728 0.3482143 0.3252728 0.3482143 0.3252728 0.3482143 0.3252728 0.3482143 0.3252728 0.3482143 0.3252728 0.3482143 0.3252728 0.3482143 0.3252728 0.3482143 0.3252728 0.3482143 0.3252728 0.3482143 0.3252728 0.3482143 0.1347966 0.3482143 0.1347966 0.3482143 0.1347966 0.3482143 0.1347966 0.3482143 0.1347966 0.3482143 0.1347966 0.3482143 0.1347966 0.3482143 0.1347966 0.3482143 0.1347966 0.3482143 0.1347966 0.3482143 0.1347966 0.3482143 0.1347966 0.3482143 0.1347966 0.3482143 0.1347966 0.3482143 0.1347966 0.3482143 0.1347966 0.3482143 0.1347966 0.3482143 0.1347966 0.3482143 0.1347966 0.3482143 0.1347966 0.3482143 0.1347966 0.3482143 0.1347966 0.3482143 0.1347966 0.3482143 0.1347966 0.3482143 0.1347966 0.3482143 0.1347966 0.3482143 0.1347966 0.3482143 0.1347966 0.3482143 0.1347966 0.3482143 0.1347966 0.3482143 0.1347966 0.3482143 0.1347966 0.3482143 0.3252728 0.3482143 0.3252728 0.3482143 0.3252728 0.3482143 0.3252728 0.3482143 0.3252728 0.3482143 0.3252728 0.3482143 0.3252728 0.3482143 0.3252728 0.3482143 0.3252728 0.3482143 0.3252728 0.3482143 0.3252728 0.3482143 0.3252728 0.3482143 0.3252728 0.3482143 0.3252728 0.3482143 0.3252728 0.3482143 0.3252728 0.3482143 0.3252728 0.3482143 0.3252728 0.3482143 0.3252728 0.3482143 0.3252728 0.3482143 0.3252728 0.3482143 0.3252728 0.3482143 0.3252728 0.3482143 0.3252728 0.3482143 0.1347966 0.3482143 0.1347966 0.3482143 0.1347966 0.3482143 0.1347966 0.3482143 0.1347966 0.3482143 0.1347966 0.3482143 0.1347966 0.3482143 0.1347966 0.3482143 0.1347966 0.3482143 0.1347966 0.3482143 0.1347966 0.3482143 0.1347966 0.3482143 0.1347966 0.3482143 0.1347966 0.3482143 0.1347966 0.3482143 0.1347966 0.3482143 0.4205109 0.3482143 0.4205109 0.3482143 0.4205109 0.3482143 0.4205109 0.3482143 0.4205109 0.3482143 0.4205109 0.3482143 0.4205109 0.3482143 0.4205109 0.3482143 0.4205109 0.3482143 0.4205109 0.3482143 0.4205109 0.3482143 0.4205109 0.3482143 0.4205109 0.3482143 0.4205109 0.3482143 0.4205109 0.3482143 0.4205109 0.3482143 0.4205109 0.3482143 0.4205109 0.3482143 0.4205109 0.3482143 0.4205109 0.3482143 0.4205109 0.3482143 0.4205109 0.3482143 0.4205109 0.3482143 0.4205109 0.3482143 0.4205109 0.3482143 0.4205109 0.3482143 0.4205109 0.3482143 0.4205109 0.3482143 0.4205109 0.3482143 0.4205109 0.3482143 0.4205109 0.3482143 0.4205109 0.3482143 0.4205109 0.3482143 0.4205109 0.3482143 0.4205109 0.3482143 0.4205109 0.3482143 0.4205109 0.3482143 0.4205109 0.3482143 0.4205109 0.3482143 0.4205109 0.3482143 0.4205109 0.3482143 0.4205109 0.3482143 0.4205109 0.3482143 0.4205109 0.3482143 0.4205109 0.3482143 0.4205109 0.3482143 0.1347966 0.3482143 0.1347966 0.3482143 0.1347966 0.3482143 0.1347966 0.3482143 0.1347966 0.3482143 0.1347966 0.3482143 0.1347966 0.3482143 0.1347966 0.3482143 0.1347966 0.3482143 0.1347966 0.3482143 0.1347966 0.3482143 0.1347966 0.3482143 0.1347966 0.3482143 0.1347966 0.3482143 0.1347966 0.3482143 0.1347966 0.3482143 0.1347966 0.3482143 0.1347966 0.3482143 0.1347966 0.3482143 0.1347966 0.3482143 0.1347966 0.3482143 0.1347966 0.3482143 0.1347966 0.3482143 0.1347966 0.3482143 0.1347966 0.3482143 0.1347966 0.3482143 0.1347966 0.3482143 0.1347966 0.3482143 0.1347966 0.3482143 0.1347966 0.3482143 0.1347966 0.3482143 0.1347966 0.3482143 0.1347966 0.3482143 0.1347966 0.3482143 0.1347966 0.3482143 0.1347966 0.3482143 0.1347966 0.3482143 0.1347966 0.3482143 0.1347966 0.3482143 0.1347966 0.3482143 0.515749 0.3482143 0.515749 0.3482143 0.515749 0.3482143 0.515749 0.3482143 0.515749 0.3482143 0.515749 0.3482143 0.515749 0.3482143 0.515749 0.3482143 0.515749 0.3482143 0.515749 0.3482143 0.515749 0.3482143 0.515749 0.3482143 0.515749 0.3482143 0.515749 0.3482143 0.515749 0.3482143 0.515749 0.3482143 0.515749 0.3482143 0.515749 0.3482143 0.515749 0.3482143 0.515749 0.3482143 0.515749 0.3482143 0.515749 0.3482143 0.515749 0.3482143 0.515749 0.3482143 0.515749 0.3482143 0.515749 0.3482143 0.515749 0.3482143 0.515749 0.3482143 0.515749 0.3482143 0.515749 0.3482143 0.515749 0.3482143 0.515749 0.3482143 0.515749 0.3482143 0.515749 0.3482143 0.515749 0.3482143 0.515749 0.3482143 0.515749 0.3482143 0.515749 0.3482143 0.515749 0.3482143 0.515749 0.3482143 0.1347966 0.3482143 0.1347966 0.3482143 0.1347966 0.3482143 0.1347966 0.3482143 0.1347966 0.3482143 0.1347966 0.3482143 0.1347966 0.3482143 0.1347966 0.3482143 0.515749 0.3482143 0.515749 0.3482143 0.515749 0.3482143 0.515749 0.3482143 0.515749 0.3482143 0.515749 0.3482143 0.515749 0.3482143 0.515749 0.3482143 0.515749 0.3482143 0.515749 0.3482143 0.515749 0.3482143 0.515749 0.3482143 0.515749 0.3482143 0.515749 0.3482143 0.515749 0.3482143 0.515749 0.3482143 0.515749 0.3482143 0.515749 0.3482143 0.515749 0.3482143 0.515749 0.3482143 0.515749 0.3482143 0.515749 0.3482143 0.1347966 0.3482143 0.1347966 0.3482143 0.1347966 0.3482143 0.1347966 0.3482143 0.1347966 0.3482143 0.1347966 0.3482143 0.1347966 0.3482143 0.1347966 0.3482143 0.1347966 0.3482143 0.1347966 0.3482143 0.1347966 0.3482143 0.1347966 0.3482143 0.1347966 0.3482143 0.1347966 0.3482143 0.1347966 0.3482143 0.1347966 0.3482143 0.1347966 0.3482143 0.1347966 0.3482143 0.1347966 0.3482143 0.1347966 0.3482143 0.1347966 0.3482143 0.1347966 0.3482143 0.1347966 0.3482143 0.1347966 0.3482143 0.515749 0.3482143 0.515749 0.3482143 0.515749 0.3482143 0.515749 0.3482143 0.515749 0.3482143 0.515749 0.3482143 0.515749 0.3482143 0.515749 0.3482143 0.515749 0.3482143 0.515749 0.3482143 0.515749 0.3482143 0.515749 0.3482143 0.515749 0.3482143 0.515749 0.3482143 0.515749 0.3482143 0.515749 0.3482143 0.515749 0.3482143 0.515749 0.3482143 0.515749 0.3482143 0.515749 0.3482143 0.1347966 0.3482143 0.1347966 0.3482143 0.1347966 0.3482143 0.1347966 0.3482143 0.1347966 0.3482143 0.1347966 0.3482143 0.1347966 0.3482143 0.1347966 0.3482143 0.515749 0.3482143 0.515749 0.3482143 0.515749 0.3482143 0.515749 0.3482143 0.515749 0.3482143 0.515749 0.3482143 0.515749 0.3482143 0.515749 0.3482143 0.515749 0.3482143 0.515749 0.3482143 0.515749 0.3482143 0.515749 0.3482143 0.515749 0.3482143 0.515749 0.3482143 0.515749 0.3482143 0.515749 0.3482143 0.1347966 0.3482143 0.1347966 0.3482143 0.1347966 0.3482143 0.1347966 0.3482143 0.1347966 0.3482143 0.1347966 0.3482143 0.1347966 0.3482143 0.1347966 0.3482143 0.515749 0.3482143 0.515749 0.3482143 0.515749 0.3482143 0.515749 0.3482143 0.515749 0.3482143 0.515749 0.3482143 0.515749 0.3482143 0.515749 0.3482143 0.515749 0.3482143 0.515749 0.3482143 0.515749 0.3482143 0.515749 0.3482143 0.515749 0.3482143 0.515749 0.3482143 0.515749 0.3482143 0.515749 0.3482143 0.515749 0.3482143 0.515749 0.3482143 0.1347966 0.3482143 0.1347966 0.3482143 0.1347966 0.3482143 0.1347966 0.3482143 0.1347966 0.3482143 0.1347966 0.3482143 0.1347966 0.3482143 0.1347966 0.3482143 0.1347966 0.3482143 0.1347966 0.3482143 0.1347966 0.3482143 0.1347966 0.3482143 0.1347966 0.3482143 0.1347966 0.3482143 0.1347966 0.3482143 0.1347966 0.3482143 0.1347966 0.3482143 0.1347966 0.3482143 0.1347966 0.3482143 0.1347966 0.3482143 0.1347966 0.3482143 0.1347966 0.3482143 0.1347966 0.3482143 0.1347966 0.3482143 0.1347966 0.3482143 0.1347966 0.3482143 0.1347966 0.3482143 0.1347966 0.3482143 0.1347966 0.3482143 0.1347966 0.3482143 0.1347966 0.3482143 0.1347966 0.3482143 0.1347966 0.3482143 0.1347966 0.3482143 0.1347966 0.3482143 0.1347966 0.3482143 0.1347966 0.3482143 0.1347966 0.3482143 0.1347966 0.3482143 0.1347966 0.3482143 0.1347966 0.3482143 0.1347966 0.3482143 0.1347966 0.3482143 0.1347966 0.3482143 0.1347966 0.3482143 0.1347966 0.3482143 0.1347966 0.3482143 0.1347966 0.3482143 0.1347966 0.3482143 0.1347966 0.3482143 0.1347966 0.3482143 0.1347966 0.3482143 0.1347966 0.3482143 0.1347966 0.3482143 0.1347966 0.3482143 0.1347966 0.3482143 0.1347966 0.3482143 0.1347966 0.3482143 0.1347966 0.3482143 0.1347966 0.3482143 0.1347966 0.3482143 0.1347966 0.3482143 0.1347966 0.3482143 0.1347966 0.3482143 0.1347966 0.3482143 0.1347966 0.3482143 0.1347966 0.3482143 0.1347966 0.3482143 0.1347966 0.3482143 0.1347966 0.3482143 0.1347966 0.3482143 0.1347966 0.3482143 0.1347966 0.3482143 0.1347966 0.3482143 0.1347966 0.3482143 0.1347966 0.3482143 0.1347966 0.3482143 0.1347966 0.3482143 0.1347966 0.3482143 0.1347966 0.3482143 0.1347966 0.3482143 0.1347966 0.3482143 0.1347966 0.3482143 0.1347966 0.3482143 0.1347966 0.3482143 0.1347966 0.3482143 0.1347966 0.3482143 0.1347966 0.3482143 0.1347966 0.3482143 0.1347966 0.3482143 0.1347966 0.3482143 0.1347966 0.3482143 0.1347966 0.3482143 0.1347966 0.3482143 0.1347966 0.3482143 0.1347966 0.3482143 0.1347966 0.3482143 0.1347966 0.3482143 0.1347966 0.3482143 0.1347966 0.3482143 0.1347966 0.3482143 0.1347966 0.3482143 0.1347966 0.3482143 0.1347966 0.3482143 0.1347966 0.3482143 0.1347966 0.3482143 0.1347966 0.3482143 0.1347966 0.3482143 0.1347966 0.3482143 0.1347966 0.3482143 0.1347966 0.3482143 0.1347966 0.3482143 0.1347966 0.3482143 0.1347966 0.3482143 0.1347966 0.3482143 0.1347966 0.3482143 0.1347966 0.3482143 0.1347966 0.3482143 0.1347966 0.3482143 0.1347966 0.3482143 0.2300347 0.3482143 0.2300347 0.3482143 0.2300347 0.3482143 0.2300347 0.3482143 0.2300347 0.3482143 0.2300347 0.3482143 0.2300347 0.3482143 0.2300347 0.3482143 0.2300347 0.3482143 0.2300347 0.3482143 0.2300347 0.3482143 0.2300347 0.3482143 0.2300347 0.3482143 0.2300347 0.3482143 0.2300347 0.3482143 0.2300347 0.3482143 0.2300347 0.3482143 0.2300347 0.3482143 0.2300347 0.3482143 0.2300347 0.3482143 0.2300347 0.3482143 0.2300347 0.3482143 0.2300347 0.3482143 0.2300347 0.3482143 0.2300347 0.3482143 0.2300347 0.3482143 0.2300347 0.3482143 0.2300347 0.3482143 0.2300347 0.3482143 0.2300347 0.3482143 0.1347966 0.3482143 0.1347966 0.3482143 0.1347966 0.3482143 0.1347966 0.3482143 0.1347966 0.3482143 0.1347966 0.3482143 0.1347966 0.3482143 0.1347966 0.3482143 0.1347966 0.3482143 0.1347966 0.3482143 0.1347966 0.3482143 0.1347966 0.3482143 0.1347966 0.3482143 0.1347966 0.3482143 0.1347966 0.3482143 0.1347966 0.3482143 0.1347966 0.3482143 0.1347966 0.3482143 0.1347966 0.3482143 0.1347966 0.3482143 0.1347966 0.3482143 0.1347966 0.3482143 0.1347966 0.3482143 0.1347966 0.3482143 0.1347966 0.3482143 0.1347966 0.3482143 0.1347966 0.3482143 0.1347966 0.3482143 0.1347966 0.3482143 0.1347966 0.3482143 0.1347966 0.3482143 0.1347966 0.3482143 0.1347966 0.3482143 0.1347966 0.3482143 0.1347966 0.3482143 0.1347966 0.3482143 0.1347966 0.3482143 0.1347966 0.3482143 0.1347966 0.3482143 0.1347966 0.3482143 0.1347966 0.3482143 0.1347966 0.3482143 0.1347966 0.3482143 0.1347966 0.3482143 0.1347966 0.3482143 0.1347966 0.3482143 0.1347966 0.3482143 0.1347966 0.3482143 0.1347966 0.3482143 0.1347966 0.3482143 0.1347966 0.3482143 0.1347966 0.3482143 0.1347966 0.3482143 0.1347966 0.3482143 0.1347966 0.3482143 0.1347966 0.3482143 0.1347966 0.3482143 0.1347966 0.3482143 0.1347966 0.3482143 0.1347966 0.3482143 0.1347966 0.3482143 0.1347966 0.3482143 0.1347966 0.3482143 0.1347966 0.3482143 0.1347966 0.3482143 0.1347966 0.3482143 0.1347966 0.3482143 0.1347966 0.3482143 0.1347966 0.3482143 0.1347966 0.3482143 0.1347966 0.3482143 0.1347966 0.3482143 0.1347966 0.3482143 0.1347966 0.3482143 0.1347966 0.3482143 0.1347966 0.3482143 0.1347966 0.3482143 0.1347966 0.3482143 0.1347966 0.3482143 0.1347966 0.3482143 0.1347966 0.3482143 0.1347966 0.3482143 0.1347966 0.3482143 0.1347966 0.3482143 0.1347966 0.3482143 0.1347966 0.3482143 0.1347966 0.3482143 0.1347966 0.3482143 0.1347966 0.3482143 0.1347966 0.3482143 0.1347966 0.3482143 0.1347966 0.3482143 0.1347966 0.3482143 0.1347966 0.3482143 0.1347966 0.3482143 0.1347966 0.3482143 0.1347966 0.3482143 0.1347966 0.3482143 0.1347966 0.3482143 0.1347966 0.3482143 0.1347966 0.3482143 0.1347966 0.3482143 0.1347966 0.3482143 0.1347966 0.3482143 0.4205109 0.3482143 0.4205109 0.3482143 0.4205109 0.3482143 0.4205109 0.3482143 0.4205109 0.3482143 0.4205109 0.3482143 0.4205109 0.3482143 0.4205109 0.3482143 0.4205109 0.3482143 0.4205109 0.3482143 0.4205109 0.3482143 0.4205109 0.3482143 0.4205109 0.3482143 0.4205109 0.3482143 0.4205109 0.3482143 0.4205109 0.3482143 0.4205109 0.3482143 0.4205109 0.3482143 0.4205109 0.3482143 0.4205109 0.3482143 0.4205109 0.3482143 0.4205109 0.3482143 0.4205109 0.3482143 0.4205109 0.3482143 0.4205109 0.3482143 0.4205109 0.3482143 0.4205109 0.3482143 0.4205109 0.3482143 0.4205109 0.3482143 0.4205109 0.3482143 0.4205109 0.3482143 0.4205109 0.3482143 0.4205109 0.3482143 0.4205109 0.3482143 0.4205109 0.3482143 0.4205109 0.3482143 0.4205109 0.3482143 0.4205109 0.3482143 0.4205109 0.3482143 0.4205109 0.3482143 0.4205109 0.3482143 0.4205109 0.3482143 0.4205109 0.3482143 0.4205109 0.3482143 0.4205109 0.3482143 0.4205109 0.3482143 0.4205109 0.3482143 0.4205109 0.3482143 0.4205109 0.3482143 0.4205109 0.3482143 0.4205109 0.3482143 0.4205109 0.3482143 0.4205109 0.3482143 0.4205109 0.3482143 0.4205109 0.3482143 0.4205109 0.3482143 0.4205109 0.3482143 0.4205109 0.3482143 0.4205109 0.3482143 0.4205109 0.3482143 0.4205109 0.3482143 0.4205109 0.3482143 0.4205109 0.3482143 0.4205109 0.3482143 0.4205109 0.3482143 0.4205109 0.3482143 0.1347966 0.3482143 0.1347966 0.3482143 0.1347966 0.3482143 0.1347966 0.3482143 0.1347966 0.3482143 0.1347966 0.3482143 0.1347966 0.3482143 0.1347966 0.3482143 0.1347966 0.3482143 0.1347966 0.3482143 0.1347966 0.3482143 0.1347966 0.3482143 0.1347966 0.3482143 0.1347966 0.3482143 0.1347966 0.3482143 0.1347966 0.3482143 0.1347966 0.3482143 0.1347966 0.3482143 0.1347966 0.3482143 0.1347966 0.3482143 0.1347966 0.3482143 0.1347966 0.3482143 0.1347966 0.3482143 0.1347966 0.3482143 0.1347966 0.3482143 0.1347966 0.3482143 0.1347966 0.3482143 0.1347966 0.3482143 0.2300347 0.3482143 0.2300347 0.3482143 0.2300347 0.3482143 0.2300347 0.3482143 0.2300347 0.3482143 0.2300347 0.3482143 0.2300347 0.3482143 0.2300347 0.3482143 0.2300347 0.3482143 0.2300347 0.3482143 0.2300347 0.3482143 0.2300347 0.3482143 0.2300347 0.3482143 0.2300347 0.3482143 0.2300347 0.3482143 0.2300347 0.3482143 0.2300347 0.3482143 0.2300347 0.3482143 0.2300347 0.3482143 0.2300347 0.3482143 0.2300347 0.3482143 0.2300347 0.3482143 0.2300347 0.3482143 0.2300347 0.3482143 0.2300347 0.3482143 0.2300347 0.3482143 0.2300347 0.3482143 0.2300347 0.3482143 0.2300347 0.3482143 0.2300347 0.3482143 0.2300347 0.3482143 0.2300347 0.3482143 0.2300347 0.3482143 0.2300347 0.3482143 0.2300347 0.3482143 0.2300347 0.3482143 0.2300347 0.3482143 0.2300347 0.3482143 0.1347966 0.3482143 0.1347966 0.3482143 0.1347966 0.3482143 0.1347966 0.3482143 0.1347966 0.3482143 0.1347966 0.3482143 0.1347966 0.3482143 0.1347966 0.3482143 0.1347966 0.3482143 0.1347966 0.3482143 0.1347966 0.3482143 0.1347966 0.3482143 0.1347966 0.3482143 0.1347966 0.3482143 0.1347966 0.3482143 0.1347966 0.3482143 0.1347966 0.3482143 0.1347966 0.3482143 0.1347966 0.3482143 0.1347966 0.3482143 0.1347966 0.3482143 0.1347966 0.3482143 0.1347966 0.3482143 0.1347966 0.3482143 0.1347966 0.3482143 0.1347966 0.3482143 0.1347966 0.3482143 0.1347966 0.3482143 0.1347966 0.3482143 0.1347966 0.3482143 0.1347966 0.3482143 0.1347966 0.3482143 0.1347966 0.3482143 0.1347966 0.3482143 0.1347966 0.3482143 0.1347966 0.3482143 0.1347966 0.3482143 0.1347966 0.3482143 0.1347966 0.3482143 0.1347966 0.3482143 0.1347966 0.3482143 0.1347966 0.3482143 0.1347966 0.3482143 0.1347966 0.3482143 0.1347966 0.3482143 0.1347966 0.3482143 0.1347966 0.3482143 0.1347966 0.3482143 0.1347966 0.3482143 0.1347966 0.3482143 0.1347966 0.3482143 0.1347966 0.3482143 0.1347966 0.3482143 0.1347966 0.3482143 0.1347966 0.3482143 0.1347966 0.3482143 0.1347966 0.3482143 0.1347966 0.3482143 0.1347966 0.3482143 0.1347966 0.3482143 0.1347966 0.3482143 0.1347966 0.3482143 0.1347966 0.3482143 0.1347966 0.3482143 0.1347966 0.3482143 0.1347966 0.3482143 0.1347966 0.3482143 0.1347966 0.3482143 0.1347966 0.3482143 0.1347966 0.3482143 0.1347966 0.3482143 0.1347966 0.3482143 0.1347966 0.3482143 0.1347966 0.3482143 0.1347966 0.3482143 0.1347966 0.3482143 0.1347966 0.3482143 0.1347966 0.3482143 0.1347966 0.3482143 0.1347966 0.3482143 0.1347966 0.3482143 0.1347966 0.3482143 0.1347966 0.3482143 0.1347966 0.3482143 0.1347966 0.3482143 0.1347966 0.3482143 0.1347966 0.3482143 0.1347966 0.3482143 0.1347966 0.3482143 0.1347966 0.3482143 0.1347966 0.3482143 0.1347966 0.3482143 0.1347966 0.3482143 0.1347966 0.3482143 0.1347966 0.3482143 0.1347966 0.3482143 0.1347966 0.3482143 0.1347966 0.3482143 0.1347966 0.3482143 0.1347966 0.3482143 0.1347966 0.3482143 0.1347966 0.3482143 0.1347966 0.3482143 0.1347966 0.3482143 0.1347966 0.3482143 0.1347966 0.3482143 0.1347966 0.3482143 0.1347966 0.3482143 0.1347966 0.3482143 0.1347966 0.3482143 0.1347966 0.3482143 0.1347966 0.3482143 0.1347966 0.3482143 0.1347966 0.3482143 0.1347966 0.3482143 0.1347966 0.3482143 0.1347966 0.3482143 0.1347966 0.3482143 0.1347966 0.3482143 0.1347966 0.3482143 0.1347966 0.3482143 0.1347966 0.3482143 0.1347966 0.3482143 0.1347966 0.3482143 0.1347966 0.3482143 0.1347966 0.3482143 0.1347966 0.3482143 0.1347966 0.3482143 0.1347966 0.3482143 0.1347966 0.3482143 0.1347966 0.3482143 0.1347966 0.3482143 0.1347966 0.3482143 0.1347966 0.3482143 0.1347966 0.3482143 0.1347966 0.3482143 0.1347966 0.3482143 0.1347966 0.3482143 0.1347966 0.3482143 0.1347966 0.3482143 0.1347966 0.3482143 0.1347966 0.3482143 0.1347966 0.3482143 0.1347966 0.3482143 0.1347966 0.3482143 0.1347966 0.3482143 0.1347966 0.3482143 0.1347966 0.3482143 0.1347966 0.3482143 0.1347966 0.3482143 0.1347966 0.3482143 0.1347966 0.3482143 0.1347966 0.3482143 0.1347966 0.3482143 0.1347966 0.3482143 0.1347966 0.3482143 0.1347966 0.3482143 0.1347966 0.3482143 0.1347966 0.3482143 0.1347966 0.3482143 0.1347966 0.3482143 0.1347966 0.3482143 0.1347966 0.3482143 0.1347966 0.3482143 0.1347966 0.3482143 0.1347966 0.3482143 0.1347966 0.3482143 0.1347966 0.3482143 0.1347966 0.3482143 0.1347966 0.3482143 0.1347966 0.3482143 0.1347966 0.3482143 0.1347966 0.3482143 0.1347966 0.3482143 0.1347966 0.3482143 0.1347966 0.3482143 0.1347966 0.3482143 0.1347966 0.3482143 0.1347966 0.3482143 0.1347966 0.3482143 0.1347966 0.3482143 0.1347966 0.3482143 0.1347966 0.3482143 0.1347966 0.3482143 0.1347966 0.3482143 0.1347966 0.3482143 0.1347966 0.3482143 0.1347966 0.3482143 0.1347966 0.3482143 0.1347966 0.3482143 0.1347966 0.3482143 0.1347966 0.3482143 0.1347966 0.3482143 0.1347966 0.3482143 0.1347966 0.3482143 0.1347966 0.3482143 0.1347966 0.3482143 0.1347966 0.3482143 0.1347966 0.3482143 0.1347966 0.3482143 0.1347966 0.3482143 0.1347966 0.3482143 0.1347966 0.3482143 0.1347966 0.3482143 0.1347966 0.3482143 0.1347966 0.3482143 0.1347966 0.3482143 0.1347966 0.3482143 0.1347966 0.3482143 0.1347966 0.3482143 0.1347966 0.3482143 0.1347966 0.3482143 0.1347966 0.3482143 0.1347966 0.3482143 0.1347966 0.3482143 0.1347966 0.3482143 0.1347966 0.3482143 0.1347966 0.3482143 0.1347966 0.3482143 0.1347966 0.3482143 0.1347966 0.3482143 0.1347966 0.3482143 0.1347966 0.3482143 0.1347966 0.3482143 0.1347966 0.3482143 0.1347966 0.3482143 0.1347966 0.3482143 0.1347966 0.3482143 0.1347966 0.3482143 0.1347966 0.3482143 0.1347966 0.3482143 0.1347966 0.3482143</float_array>
          <technique_common>
            <accessor count="1580" source="#texcoords-array-array" stride="2">
              <param type="float" name="S"/>
              <param type="float" name="T"/>
            </accessor>
          </technique_common>
        </source>
        <vertices id="verts-array-vertices">
          <input semantic="POSITION" source="#verts-array"/>
        </vertices>
        <triangles count="2544" material="material0">
          <input offset="0" semantic="VERTEX" source="#verts-array-vertices"/>
          <input offset="1" semantic="NORMAL" source="#normals-array"/>
          <input offset="2" semantic="TEXCOORD" source="#texcoords-array"/>
          <p>2 2 2 1 1 1 0 0 0 2 2 2 0 0 0 3 3 3 4 4 4 2 2 2 3 3 3 4 4 4 3 3 3 5 5 5 6 6 6 4 4 4 5 5 5 6 6 6 5 5 5 7 7 7 1 1 1 6 6 6 7 7 7 1 1 1 7 7 7 0 0 0 4 4 4 1 1 1 2 2 2 4 4 4 6 6 6 1 1 1 3 3 3 0 0 0 5 5 5 0 0 0 7 7 7 5 5 5 10 10 10 9 9 9 8 8 8 10 10 10 8 8 8 11 11 11 12 12 12 10 10 10 11 11 11 12 12 12 11 11 11 13 13 13 14 14 14 12 12 12 13 13 13 14 14 14 13 13 13 15 15 15 9 9 9 14 14 14 15 15 15 9 9 9 15 15 15 8 8 8 12 12 12 9 9 9 10 10 10 12 12 12 14 14 14 9 9 9 11 11 11 8 8 8 13 13 13 8 8 8 15 15 15 13 13 13 18 18 18 17 17 17 16 16 16 18 18 18 16 16 16 19 19 19 20 20 20 18 18 18 19 19 19 20 20 20 19 19 19 21 21 21 22 22 22 20 20 20 21 21 21 22 22 22 21 21 21 23 23 23 17 17 17 22 22 22 23 23 23 17 17 17 23 23 23 16 16 16 20 20 20 17 17 17 18 18 18 20 20 20 22 22 22 17 17 17 19 19 19 16 16 16 21 21 21 16 16 16 23 23 23 21 21 21 26 26 26 25 25 25 24 24 24 26 26 26 24 24 24 27 27 27 28 28 28 26 26 26 27 27 27 28 28 28 27 27 27 29 29 29 30 30 30 28 28 28 29 29 29 30 30 30 29 29 29 31 31 31 25 25 25 30 30 30 31 31 31 25 25 25 31 31 31 24 24 24 28 28 28 25 25 25 26 26 26 28 28 28 30 30 30 25 25 25 27 27 27 24 24 24 29 29 29 24 24 24 31 31 31 29 29 29 34 34 34 33 33 33 32 32 32 34 34 34 32 32 32 35 35 35 36 36 36 34 34 34 35 35 35 36 36 36 35 35 35 37 37 37 38 38 38 36 36 36 37 37 37 38 38 38 37 37 37 39 39 39 33 33 33 38 38 38 39 39 39 33 33 33 39 39 39 32 32 32 36 36 36 33 33 33 34 34 34 36 36 36 38 38 38 33 33 33 35 35 35 32 32 32 37 37 37 32 32 32 39 39 39 37 37 37 42 42 42 41 41 41 40 40 40 42 42 42 40 40 40 43 43 43 44 44 44 42 42 42 43 43 43 44 44 44 43 43 43 45 45 45 46 46 46 44 44 44 45 45 45 46 46 46 45 45 45 47 47 47 41 41 41 46 46 46 47 47 47 41 41 41 47 47 47 40 40 40 44 44 44 41 41 41 42 42 42 44 44 44 46 46 46 41 41 41 43 43 43 40 40 40 45 45 45 40 40 40 47 47 47 45 45 45 48 48 48 49 49 49 50 50 50 51 51 51 48 48 48 50 50 50 51 51 51 50 50 50 52 52 52 53 53 53 51 51 51 52 52 52 53 53 53 52 52 52 54 54 54 55 55 55 53 53 53 54 54 54 55 55 55 54 54 54 49 49 49 48 48 48 55 55 55 49 49 49 50 50 50 49 49 49 52 52 52 49 49 49 54 54 54 52 52 52 53 53 53 48 48 48 51 51 51 53 53 53 55 55 55 48 48 48 49 49 49 56 56 56 57 57 57 50 50 50 49 49 49 57 57 57 50 50 50 57 57 57 58 58 58 52 52 52 50 50 50 58 58 58 52 52 52 58 58 58 59 59 59 54 54 54 52 52 52 59 59 59 54 54 54 59 59 59 56 56 56 49 49 49 54 54 54 56 56 56 57 57 57 56 56 56 58 58 58 56 56 56 59 59 59 58 58 58 52 52 52 49 49 49 50 50 50 52 52 52 54 54 54 49 49 49 60 60 60 61 61 61 62 62 62 63 63 63 60 60 60 62 62 62 63 63 63 62 62 62 64 64 64 65 65 65 63 63 63 64 64 64 65 65 65 64 64 64 66 66 66 67 67 67 65 65 65 66 66 66 67 67 67 66 66 66 61 61 61 60 60 60 67 67 67 61 61 61 62 62 62 61 61 61 64 64 64 61 61 61 66 66 66 64 64 64 65 65 65 60 60 60 63 63 63 65 65 65 67 67 67 60 60 60 68 68 68 69 69 69 70 70 70 68 68 68 70 70 70 71 71 71 72 72 72 69 69 69 73 73 73 72 72 72 70 70 70 69 69 69 73 73 73 74 74 74 75 75 75 73 73 73 75 75 75 72 72 72 76 76 76 74 74 74 77 77 77 76 76 76 75 75 75 74 74 74 78 78 78 77 77 77 79 79 79 78 78 78 76 76 76 77 77 77 79 79 79 80 80 80 81 81 81 79 79 79 81 81 81 78 78 78 71 71 71 80 80 80 68 68 68 71 71 71 81 81 81 80 80 80 72 72 72 75 75 75 76 76 76 72 72 72 76 76 76 78 78 78 81 81 81 71 71 71 70 70 70 81 81 81 70 70 70 72 72 72 78 78 78 81 81 81 72 72 72 73 73 73 79 79 79 77 77 77 73 73 73 77 77 77 74 74 74 80 80 80 73 73 73 69 69 69 68 68 68 80 80 80 69 69 69 80 80 80 79 79 79 73 73 73 82 82 82 83 83 83 84 84 84 82 82 82 84 84 84 85 85 85 86 86 86 82 82 82 85 85 85 86 86 86 85 85 85 87 87 87 88 88 88 86 86 86 87 87 87 88 88 88 87 87 87 89 89 89 90 90 90 88 88 88 89 89 89 90 90 90 89 89 89 91 91 91 92 92 92 90 90 90 91 91 91 92 92 92 91 91 91 93 93 93 83 83 83 92 92 92 93 93 93 83 83 83 93 93 93 84 84 84 88 88 88 90 90 90 92 92 92 83 83 83 88 88 88 92 92 92 82 82 82 86 86 86 88 88 88 82 82 82 88 88 88 83 83 83 93 93 93 91 91 91 89 89 89 93 93 93 89 89 89 84 84 84 89 89 89 87 87 87 85 85 85 84 84 84 89 89 89 85 85 85 94 94 94 95 95 95 96 96 96 97 97 97 94 94 94 96 96 96 97 97 97 96 96 96 98 98 98 99 99 99 97 97 97 98 98 98 99 99 99 98 98 98 100 100 100 101 101 101 99 99 99 100 100 100 101 101 101 100 100 100 95 95 95 94 94 94 101 101 101 95 95 95 100 100 100 98 98 98 96 96 96 95 95 95 100 100 100 96 96 96 97 97 97 99 99 99 101 101 101 97 97 97 101 101 101 94 94 94 104 104 104 103 103 103 102 102 102 104 104 104 102 102 102 105 105 105 106 106 106 104 104 104 105 105 105 106 106 106 105 105 105 107 107 107 108 108 108 106 106 106 107 107 107 108 108 108 107 107 107 109 109 109 103 103 103 108 108 108 109 109 109 103 103 103 109 109 109 102 102 102 106 106 106 103 103 103 104 104 104 106 106 106 108 108 108 103 103 103 105 105 105 102 102 102 107 107 107 102 102 102 109 109 109 107 107 107 112 112 112 111 111 111 110 110 110 112 112 112 110 110 110 113 113 113 114 114 114 112 112 112 113 113 113 114 114 114 113 113 113 115 115 115 116 116 116 114 114 114 115 115 115 116 116 116 115 115 115 117 117 117 111 111 111 116 116 116 117 117 117 111 111 111 117 117 117 110 110 110 114 114 114 111 111 111 112 112 112 114 114 114 116 116 116 111 111 111 113 113 113 110 110 110 115 115 115 110 110 110 117 117 117 115 115 115 120 120 120 119 119 119 118 118 118 120 120 120 118 118 118 121 121 121 122 122 122 120 120 120 121 121 121 122 122 122 121 121 121 123 123 123 124 124 124 122 122 122 123 123 123 124 124 124 123 123 123 125 125 125 119 119 119 124 124 124 125 125 125 119 119 119 125 125 125 118 118 118 122 122 122 119 119 119 120 120 120 122 122 122 124 124 124 119 119 119 121 121 121 118 118 118 123 123 123 118 118 118 125 125 125 123 123 123 128 128 128 127 127 127 126 126 126 128 128 128 126 126 126 129 129 129 130 130 130 128 128 128 129 129 129 130 130 130 129 129 129 131 131 131 132 132 132 130 130 130 131 131 131 132 132 132 131 131 131 133 133 133 127 127 127 132 132 132 133 133 133 127 127 127 133 133 133 126 126 126 130 130 130 127 127 127 128 128 128 130 130 130 132 132 132 127 127 127 129 129 129 126 126 126 131 131 131 126 126 126 133 133 133 131 131 131 134 134 134 135 135 135 136 136 136 137 137 137 135 135 135 134 134 134 138 138 138 137 137 137 134 134 134 138 138 138 134 134 134 139 139 139 140 140 140 138 138 138 139 139 139 140 140 140 139 139 139 141 141 141 142 142 142 140 140 140 141 141 141 142 142 142 141 141 141 143 143 143 144 144 144 142 142 142 143 143 143 145 145 145 142 142 142 144 144 144 146 146 146 145 145 145 144 144 144 146 146 146 144 144 144 147 147 147 148 148 148 146 146 146 147 147 147 148 148 148 147 147 147 149 149 149 135 135 135 148 148 148 149 149 149 135 135 135 149 149 149 136 136 136 137 137 137 138 138 138 140 140 140 146 146 146 140 140 140 142 142 142 146 146 146 142 142 142 145 145 145 135 135 135 146 146 146 148 148 148 135 135 135 137 137 137 140 140 140 135 135 135 140 140 140 146 146 146 141 141 141 139 139 139 134 134 134 143 143 143 141 141 141 147 147 147 144 144 144 143 143 143 147 147 147 149 149 149 147 147 147 136 136 136 141 141 141 134 134 134 136 136 136 147 147 147 141 141 141 136 136 136 150 150 150 151 151 151 152 152 152 153 153 153 150 150 150 152 152 152 153 153 153 152 152 152 154 154 154 155 155 155 153 153 153 154 154 154 155 155 155 154 154 154 156 156 156 157 157 157 155 155 155 156 156 156 157 157 157 156 156 156 151 151 151 150 150 150 157 157 157 151 151 151 152 152 152 151 151 151 154 154 154 151 151 151 156 156 156 154 154 154 155 155 155 150 150 150 153 153 153 155 155 155 157 157 157 150 150 150 158 158 158 159 159 159 160 160 160 161 161 161 158 158 158 160 160 160 161 161 161 160 160 160 162 162 162 163 163 163 161 161 161 162 162 162 163 163 163 162 162 162 164 164 164 165 165 165 163 163 163 164 164 164 165 165 165 164 164 164 166 166 166 167 167 167 165 165 165 166 166 166 167 167 167 166 166 166 168 168 168 169 169 169 167 167 167 168 168 168 169 169 169 168 168 168 170 170 170 171 171 171 169 169 169 170 170 170 171 171 171 170 170 170 172 172 172 173 173 173 171 171 171 172 172 172 173 173 173 172 172 172 174 174 174 175 175 175 173 173 173 174 174 174 175 175 175 174 174 174 176 176 176 177 177 177 175 175 175 176 176 176 177 177 177 176 176 176 159 159 159 158 158 158 177 177 177 159 159 159 164 164 164 162 162 162 160 160 160 164 164 164 160 160 160 159 159 159 170 170 170 168 168 168 166 166 166 172 172 172 170 170 170 166 166 166 172 172 172 166 166 166 164 164 164 174 174 174 172 172 172 164 164 164 176 176 176 174 174 174 164 164 164 159 159 159 176 176 176 164 164 164 161 161 161 163 163 163 165 165 165 158 158 158 161 161 161 165 165 165 167 167 167 169 169 169 171 171 171 167 167 167 171 171 171 173 173 173 165 165 165 167 167 167 173 173 173 165 165 165 173 173 173 175 175 175 165 165 165 175 175 175 177 177 177 165 165 165 177 177 177 158 158 158 178 178 178 179 179 179 180 180 180 181 181 181 178 178 178 180 180 180 181 181 181 180 180 180 182 182 182 183 183 183 181 181 181 182 182 182 183 183 183 182 182 182 184 184 184 185 185 185 183 183 183 184 184 184 185 185 185 184 184 184 186 186 186 187 187 187 185 185 185 186 186 186 187 187 187 186 186 186 188 188 188 189 189 189 187 187 187 188 188 188 189 189 189 188 188 188 190 190 190 191 191 191 189 189 189 190 190 190 191 191 191 190 190 190 192 192 192 193 193 193 191 191 191 192 192 192 193 193 193 192 192 192 194 194 194 195 195 195 193 193 193 194 194 194 195 195 195 194 194 194 179 179 179 178 178 178 195 195 195 179 179 179 180 180 180 179 179 179 194 194 194 182 182 182 180 180 180 194 194 194 184 184 184 182 182 182 194 194 194 192 192 192 190 190 190 186 186 186 194 194 194 192 192 192 186 186 186 184 184 184 194 194 194 186 186 186 186 186 186 190 190 190 188 188 188 195 195 195 178 178 178 181 181 181 195 195 195 181 181 181 183 183 183 195 195 195 183 183 183 185 185 185 187 187 187 191 191 191 193 193 193 187 187 187 193 193 193 195 195 195 187 187 187 195 195 195 185 185 185 189 189 189 191 191 191 187 187 187 196 196 196 197 197 197 198 198 198 199 199 199 196 196 196 198 198 198 199 199 199 198 198 198 200 200 200 201 201 201 199 199 199 200 200 200 201 201 201 200 200 200 202 202 202 203 203 203 201 201 201 202 202 202 203 203 203 202 202 202 204 204 204 205 205 205 203 203 203 204 204 204 205 205 205 204 204 204 206 206 206 207 207 207 205 205 205 206 206 206 207 207 207 206 206 206 208 208 208 209 209 209 207 207 207 208 208 208 209 209 209 208 208 208 210 210 210 211 211 211 209 209 209 210 210 210 211 211 211 210 210 210 212 212 212 213 213 213 211 211 211 212 212 212 213 213 213 212 212 212 197 197 197 196 196 196 213 213 213 197 197 197 204 204 204 202 202 202 210 210 210 204 204 204 210 210 210 206 206 206 210 210 210 202 202 202 200 200 200 210 210 210 200 200 200 198 198 198 206 206 206 210 210 210 208 208 208 210 210 210 198 198 198 212 212 212 212 212 212 198 198 198 197 197 197 211 211 211 203 203 203 205 205 205 207 207 207 211 211 211 205 205 205 201 201 201 203 203 203 211 211 211 199 199 199 201 201 201 211 211 211 209 209 209 211 211 211 207 207 207 213 213 213 199 199 199 211 211 211 196 196 196 199 199 199 213 213 213 216 216 216 215 215 215 214 214 214 216 216 216 214 214 214 217 217 217 218 218 218 216 216 216 217 217 217 218 218 218 217 217 217 219 219 219 220 220 220 218 218 218 219 219 219 220 220 220 219 219 219 221 221 221 215 215 215 220 220 220 221 221 221 215 215 215 221 221 221 214 214 214 218 218 218 215 215 215 216 216 216 218 218 218 220 220 220 215 215 215 217 217 217 214 214 214 219 219 219 214 214 214 221 221 221 219 219 219 222 222 222 223 223 223 224 224 224 222 222 222 224 224 224 225 225 225 226 226 226 222 222 222 225 225 225 226 226 226 225 225 225 227 227 227 228 228 228 226 226 226 227 227 227 228 228 228 227 227 227 229 229 229 223 223 223 228 228 228 229 229 229 223 223 223 229 229 229 224 224 224 223 223 223 222 222 222 226 226 226 223 223 223 226 226 226 228 228 228 227 227 227 225 225 225 224 224 224 229 229 229 227 227 227 224 224 224 232 232 232 231 231 231 230 230 230 232 232 232 230 230 230 233 233 233 234 234 234 232 232 232 233 233 233 234 234 234 233 233 233 235 235 235 236 236 236 234 234 234 235 235 235 236 236 236 235 235 235 237 237 237 231 231 231 236 236 236 237 237 237 231 231 231 237 237 237 230 230 230 234 234 234 231 231 231 232 232 232 234 234 234 236 236 236 231 231 231 233 233 233 230 230 230 235 235 235 230 230 230 237 237 237 235 235 235 240 240 240 239 239 239 238 238 238 240 240 240 238 238 238 241 241 241 242 242 242 240 240 240 241 241 241 242 242 242 241 241 241 243 243 243 244 244 244 242 242 242 243 243 243 244 244 244 243 243 243 245 245 245 239 239 239 244 244 244 245 245 245 239 239 239 245 245 245 238 238 238 242 242 242 239 239 239 240 240 240 242 242 242 244 244 244 239 239 239 241 241 241 238 238 238 243 243 243 238 238 238 245 245 245 243 243 243 248 248 248 247 247 247 246 246 246 248 248 248 246 246 246 249 249 249 250 250 250 248 248 248 249 249 249 250 250 250 249 249 249 251 251 251 252 252 252 250 250 250 251 251 251 252 252 252 251 251 251 253 253 253 247 247 247 252 252 252 253 253 253 247 247 247 253 253 253 246 246 246 250 250 250 247 247 247 248 248 248 250 250 250 252 252 252 247 247 247 249 249 249 246 246 246 251 251 251 246 246 246 253 253 253 251 251 251 256 256 256 255 255 255 254 254 254 256 256 256 254 254 254 257 257 257 258 258 258 256 256 256 257 257 257 258 258 258 257 257 257 259 259 259 260 260 260 258 258 258 259 259 259 260 260 260 259 259 259 261 261 261 255 255 255 260 260 260 261 261 261 255 255 255 261 261 261 254 254 254 258 258 258 255 255 255 256 256 256 258 258 258 260 260 260 255 255 255 257 257 257 254 254 254 259 259 259 254 254 254 261 261 261 259 259 259 262 262 262 263 263 263 264 264 264 262 262 262 264 264 264 265 265 265 266 266 266 262 262 262 265 265 265 266 266 266 265 265 265 267 267 267 268 268 268 266 266 266 267 267 267 268 268 268 267 267 267 269 269 269 270 270 270 268 268 268 269 269 269 270 270 270 269 269 269 271 271 271 263 263 263 270 270 270 271 271 271 263 263 263 271 271 271 264 264 264 270 270 270 266 266 266 268 268 268 262 262 262 266 266 266 270 270 270 263 263 263 262 262 262 270 270 270 269 269 269 267 267 267 271 271 271 271 271 271 267 267 267 265 265 265 271 271 271 265 265 265 264 264 264 274 274 274 273 273 273 272 272 272 274 274 274 272 272 272 275 275 275 276 276 276 274 274 274 275 275 275 276 276 276 275 275 275 277 277 277 278 278 278 276 276 276 277 277 277 278 278 278 277 277 277 279 279 279 273 273 273 278 278 278 279 279 279 273 273 273 279 279 279 272 272 272 276 276 276 273 273 273 274 274 274 276 276 276 278 278 278 273 273 273 275 275 275 272 272 272 277 277 277 272 272 272 279 279 279 277 277 277 282 282 282 281 281 281 280 280 280 282 282 282 280 280 280 283 283 283 284 284 284 282 282 282 283 283 283 284 284 284 283 283 283 285 285 285 286 286 286 284 284 284 285 285 285 286 286 286 285 285 285 287 287 287 281 281 281 286 286 286 287 287 287 281 281 281 287 287 287 280 280 280 284 284 284 281 281 281 282 282 282 284 284 284 286 286 286 281 281 281 283 283 283 280 280 280 285 285 285 280 280 280 287 287 287 285 285 285 288 288 288 289 289 289 290 290 290 288 288 288 290 290 290 291 291 291 292 292 292 288 288 288 291 291 291 292 292 292 291 291 291 293 293 293 294 294 294 292 292 292 293 293 293 294 294 294 293 293 293 295 295 295 296 296 296 294 294 294 295 295 295 296 296 296 295 295 295 297 297 297 298 298 298 296 296 296 297 297 297 298 298 298 297 297 297 299 299 299 289 289 289 298 298 298 299 299 299 289 289 289 299 299 299 290 290 290 288 288 288 292 292 292 294 294 294 288 288 288 294 294 294 296 296 296 289 289 289 296 296 296 298 298 298 289 289 289 288 288 288 296 296 296 295 295 295 293 293 293 291 291 291 297 297 297 295 295 295 291 291 291 299 299 299 297 297 297 290 290 290 297 297 297 291 291 291 290 290 290 300 300 300 301 301 301 302 302 302 300 300 300 302 302 302 303 303 303 304 304 304 300 300 300 303 303 303 304 304 304 303 303 303 305 305 305 306 306 306 304 304 304 305 305 305 306 306 306 305 305 305 307 307 307 308 308 308 306 306 306 307 307 307 308 308 308 307 307 307 309 309 309 301 301 301 308 308 308 309 309 309 301 301 301 309 309 309 302 302 302 301 301 301 300 300 300 304 304 304 301 301 301 304 304 304 306 306 306 308 308 308 301 301 301 306 306 306 305 305 305 303 303 303 302 302 302 307 307 307 305 305 305 302 302 302 307 307 307 302 302 302 309 309 309 310 310 310 311 311 311 312 312 312 310 310 310 312 312 312 313 313 313 314 314 314 310 310 310 313 313 313 314 314 314 313 313 313 315 315 315 316 316 316 314 314 314 315 315 315 316 316 316 315 315 315 317 317 317 318 318 318 316 316 316 317 317 317 318 318 318 317 317 317 319 319 319 320 320 320 318 318 318 319 319 319 320 320 320 319 319 319 321 321 321 322 322 322 320 320 320 321 321 321 322 322 322 321 321 321 323 323 323 311 311 311 322 322 322 323 323 323 311 311 311 323 323 323 312 312 312 322 322 322 316 316 316 318 318 318 322 322 322 318 318 318 320 320 320 314 314 314 316 316 316 322 322 322 311 311 311 310 310 310 314 314 314 311 311 311 314 314 314 322 322 322 319 319 319 317 317 317 323 323 323 321 321 321 319 319 319 323 323 323 323 323 323 317 317 317 315 315 315 315 315 315 313 313 313 312 312 312 323 323 323 315 315 315 312 312 312 324 324 324 325 325 325 326 326 326 327 327 327 324 324 324 326 326 326 327 327 327 326 326 326 328 328 328 329 329 329 327 327 327 328 328 328 329 329 329 328 328 328 330 330 330 331 331 331 329 329 329 330 330 330 331 331 331 330 330 330 325 325 325 324 324 324 331 331 331 325 325 325 326 326 326 325 325 325 328 328 328 325 325 325 330 330 330 328 328 328 329 329 329 324 324 324 327 327 327 329 329 329 331 331 331 324 324 324 332 332 332 333 333 333 334 334 334 335 335 335 332 332 332 334 334 334 335 335 335 334 334 334 336 336 336 337 337 337 335 335 335 336 336 336 337 337 337 336 336 336 338 338 338 339 339 339 337 337 337 338 338 338 339 339 339 338 338 338 333 333 333 332 332 332 339 339 339 333 333 333 334 334 334 333 333 333 336 336 336 333 333 333 338 338 338 336 336 336 337 337 337 332 332 332 335 335 335 337 337 337 339 339 339 332 332 332 342 342 342 341 341 341 340 340 340 342 342 342 340 340 340 343 343 343 344 344 344 342 342 342 343 343 343 344 344 344 343 343 343 345 345 345 346 346 346 344 344 344 345 345 345 346 346 346 345 345 345 347 347 347 341 341 341 346 346 346 347 347 347 341 341 341 347 347 347 340 340 340 344 344 344 341 341 341 342 342 342 344 344 344 346 346 346 341 341 341 343 343 343 340 340 340 345 345 345 340 340 340 347 347 347 345 345 345 350 350 350 349 349 349 348 348 348 350 350 350 348 348 348 351 351 351 352 352 352 350 350 350 351 351 351 352 352 352 351 351 351 353 353 353 354 354 354 352 352 352 353 353 353 354 354 354 353 353 353 355 355 355 349 349 349 354 354 354 355 355 355 349 349 349 355 355 355 348 348 348 352 352 352 349 349 349 350 350 350 352 352 352 354 354 354 349 349 349 351 351 351 348 348 348 353 353 353 348 348 348 355 355 355 353 353 353 356 356 356 357 357 357 358 358 358 356 356 356 358 358 358 359 359 359 360 360 360 357 357 357 361 361 361 360 360 360 358 358 358 357 357 357 361 361 361 362 362 362 363 363 363 361 361 361 363 363 363 360 360 360 364 364 364 362 362 362 365 365 365 364 364 364 363 363 363 362 362 362 365 365 365 366 366 366 367 367 367 365 365 365 367 367 367 364 364 364 368 368 368 366 366 366 369 369 369 368 368 368 367 367 367 366 366 366 369 369 369 370 370 370 371 371 371 369 369 369 371 371 371 368 368 368 372 372 372 370 370 370 373 373 373 372 372 372 371 371 371 370 370 370 373 373 373 374 374 374 375 375 375 373 373 373 375 375 375 372 372 372 376 376 376 374 374 374 377 377 377 376 376 376 375 375 375 374 374 374 378 378 378 377 377 377 379 379 379 378 378 378 376 376 376 377 377 377 379 379 379 380 380 380 381 381 381 379 379 379 381 381 381 378 378 378 359 359 359 380 380 380 356 356 356 359 359 359 381 381 381 380 380 380 372 372 372 375 375 375 376 376 376 372 372 372 376 376 376 378 378 378 368 368 368 371 371 371 372 372 372 364 364 364 367 367 367 368 368 368 360 360 360 363 363 363 364 364 364 359 359 359 358 358 358 360 360 360 381 381 381 359 359 359 360 360 360 378 378 378 381 381 381 360 360 360 378 378 378 360 360 360 364 364 364 378 378 378 364 364 364 368 368 368 378 378 378 368 368 368 372 372 372 373 373 373 379 379 379 377 377 377 373 373 373 377 377 377 374 374 374 369 369 369 373 373 373 370 370 370 365 365 365 369 369 369 366 366 366 361 361 361 365 365 365 362 362 362 356 356 356 361 361 361 357 357 357 356 356 356 380 380 380 361 361 361 380 380 380 379 379 379 361 361 361 361 361 361 379 379 379 365 365 365 365 365 365 379 379 379 369 369 369 369 369 369 379 379 379 373 373 373 384 384 384 383 383 383 382 382 382 384 384 384 382 382 382 385 385 385 386 386 386 384 384 384 385 385 385 386 386 386 385 385 385 387 387 387 388 388 388 386 386 386 387 387 387 388 388 388 387 387 387 389 389 389 383 383 383 388 388 388 389 389 389 383 383 383 389 389 389 382 382 382 386 386 386 383 383 383 384 384 384 386 386 386 388 388 388 383 383 383 385 385 385 382 382 382 387 387 387 382 382 382 389 389 389 387 387 387 392 392 392 391 391 391 390 390 390 392 392 392 390 390 390 393 393 393 394 394 394 392 392 392 393 393 393 394 394 394 393 393 393 395 395 395 396 396 396 394 394 394 395 395 395 396 396 396 395 395 395 397 397 397 391 391 391 396 396 396 397 397 397 391 391 391 397 397 397 390 390 390 394 394 394 391 391 391 392 392 392 394 394 394 396 396 396 391 391 391 393 393 393 390 390 390 395 395 395 390 390 390 397 397 397 395 395 395 400 400 400 399 399 399 398 398 398 400 400 400 398 398 398 401 401 401 402 402 402 400 400 400 401 401 401 402 402 402 401 401 401 403 403 403 404 404 404 402 402 402 403 403 403 404 404 404 403 403 403 405 405 405 399 399 399 404 404 404 405 405 405 399 399 399 405 405 405 398 398 398 402 402 402 399 399 399 400 400 400 402 402 402 404 404 404 399 399 399 401 401 401 398 398 398 403 403 403 398 398 398 405 405 405 403 403 403 325 325 325 406 406 406 407 407 407 326 326 326 325 325 325 407 407 407 326 326 326 407 407 407 408 408 408 328 328 328 326 326 326 408 408 408 328 328 328 408 408 408 409 409 409 330 330 330 328 328 328 409 409 409 330 330 330 409 409 409 406 406 406 325 325 325 330 330 330 406 406 406 407 407 407 406 406 406 408 408 408 406 406 406 409 409 409 408 408 408 328 328 328 325 325 325 326 326 326 328 328 328 330 330 330 325 325 325 412 412 412 411 411 411 410 410 410 412 412 412 410 410 410 413 413 413 414 414 414 412 412 412 413 413 413 414 414 414 413 413 413 415 415 415 416 416 416 414 414 414 415 415 415 416 416 416 415 415 415 417 417 417 411 411 411 416 416 416 417 417 417 411 411 411 417 417 417 410 410 410 414 414 414 411 411 411 412 412 412 414 414 414 416 416 416 411 411 411 413 413 413 410 410 410 415 415 415 410 410 410 417 417 417 415 415 415 418 418 418 419 419 419 420 420 420 418 418 418 420 420 420 421 421 421 422 422 422 418 418 418 421 421 421 422 422 422 421 421 421 423 423 423 424 424 424 422 422 422 423 423 423 424 424 424 423 423 423 425 425 425 426 426 426 424 424 424 425 425 425 426 426 426 425 425 425 427 427 427 428 428 428 426 426 426 427 427 427 428 428 428 427 427 427 429 429 429 430 430 430 428 428 428 429 429 429 430 430 430 429 429 429 431 431 431 432 432 432 430 430 430 431 431 431 432 432 432 431 431 431 433 433 433 434 434 434 432 432 432 433 433 433 434 434 434 433 433 433 435 435 435 436 436 436 434 434 434 435 435 435 436 436 436 435 435 435 437 437 437 438 438 438 436 436 436 437 437 437 438 438 438 437 437 437 439 439 439 440 440 440 438 438 438 439 439 439 440 440 440 439 439 439 441 441 441 442 442 442 440 440 440 441 441 441 442 442 442 441 441 441 443 443 443 419 419 419 442 442 442 443 443 443 419 419 419 443 443 443 420 420 420 424 424 424 426 426 426 428 428 428 422 422 422 424 424 424 430 430 430 434 434 434 430 430 430 432 432 432 419 419 419 418 418 418 422 422 422 419 419 419 422 422 422 430 430 430 419 419 419 430 430 430 434 434 434 438 438 438 434 434 434 436 436 436 440 440 440 442 442 442 419 419 419 440 440 440 434 434 434 438 438 438 440 440 440 419 419 419 434 434 434 428 428 428 430 430 430 424 424 424 429 429 429 427 427 427 425 425 425 431 431 431 425 425 425 423 423 423 433 433 433 431 431 431 435 435 435 423 423 423 421 421 421 420 420 420 431 431 431 423 423 423 420 420 420 435 435 435 431 431 431 420 420 420 437 437 437 435 435 435 439 439 439 420 420 420 443 443 443 441 441 441 439 439 439 435 435 435 441 441 441 435 435 435 420 420 420 441 441 441 425 425 425 431 431 431 429 429 429 446 446 446 445 445 445 444 444 444 446 446 446 444 444 444 447 447 447 448 448 448 446 446 446 447 447 447 448 448 448 447 447 447 449 449 449 450 450 450 448 448 448 449 449 449 450 450 450 449 449 449 451 451 451 445 445 445 450 450 450 451 451 451 445 445 445 451 451 451 444 444 444 448 448 448 445 445 445 446 446 446 448 448 448 450 450 450 445 445 445 447 447 447 444 444 444 449 449 449 444 444 444 451 451 451 449 449 449 454 454 454 453 453 453 452 452 452 454 454 454 452 452 452 455 455 455 456 456 456 454 454 454 455 455 455 456 456 456 455 455 455 457 457 457 458 458 458 456 456 456 457 457 457 458 458 458 457 457 457 459 459 459 453 453 453 458 458 458 459 459 459 453 453 453 459 459 459 452 452 452 456 456 456 453 453 453 454 454 454 456 456 456 458 458 458 453 453 453 455 455 455 452 452 452 457 457 457 452 452 452 459 459 459 457 457 457 462 462 462 461 461 461 460 460 460 462 462 462 460 460 460 463 463 463 464 464 464 462 462 462 463 463 463 464 464 464 463 463 463 465 465 465 466 466 466 464 464 464 465 465 465 466 466 466 465 465 465 467 467 467 461 461 461 466 466 466 467 467 467 461 461 461 467 467 467 460 460 460 464 464 464 461 461 461 462 462 462 464 464 464 466 466 466 461 461 461 463 463 463 460 460 460 465 465 465 460 460 460 467 467 467 465 465 465 470 470 470 469 469 469 468 468 468 470 470 470 468 468 468 471 471 471 472 472 472 470 470 470 471 471 471 472 472 472 471 471 471 473 473 473 474 474 474 472 472 472 473 473 473 474 474 474 473 473 473 475 475 475 469 469 469 474 474 474 475 475 475 469 469 469 475 475 475 468 468 468 472 472 472 469 469 469 470 470 470 472 472 472 474 474 474 469 469 469 471 471 471 468 468 468 473 473 473 468 468 468 475 475 475 473 473 473 476 476 476 332 332 332 335 335 335 477 477 477 476 476 476 335 335 335 477 477 477 335 335 335 337 337 337 478 478 478 477 477 477 337 337 337 478 478 478 337 337 337 339 339 339 479 479 479 478 478 478 339 339 339 479 479 479 339 339 339 332 332 332 476 476 476 479 479 479 332 332 332 335 335 335 332 332 332 337 337 337 332 332 332 339 339 339 337 337 337 478 478 478 476 476 476 477 477 477 478 478 478 479 479 479 476 476 476 482 482 482 481 481 481 480 480 480 482 482 482 480 480 480 483 483 483 484 484 484 482 482 482 483 483 483 484 484 484 483 483 483 485 485 485 486 486 486 484 484 484 485 485 485 486 486 486 485 485 485 487 487 487 481 481 481 486 486 486 487 487 487 481 481 481 487 487 487 480 480 480 484 484 484 481 481 481 482 482 482 484 484 484 486 486 486 481 481 481 483 483 483 480 480 480 485 485 485 480 480 480 487 487 487 485 485 485 488 488 488 489 489 489 490 490 490 491 491 491 488 488 488 490 490 490 491 491 491 490 490 490 492 492 492 493 493 493 491 491 491 492 492 492 493 493 493 492 492 492 494 494 494 495 495 495 493 493 493 494 494 494 495 495 495 494 494 494 489 489 489 488 488 488 495 495 495 489 489 489 490 490 490 489 489 489 494 494 494 492 492 492 490 490 490 494 494 494 495 495 495 488 488 488 491 491 491 495 495 495 491 491 491 493 493 493 498 498 498 497 497 497 496 496 496 498 498 498 496 496 496 499 499 499 500 500 500 498 498 498 499 499 499 500 500 500 499 499 499 501 501 501 502 502 502 500 500 500 501 501 501 502 502 502 501 501 501 503 503 503 497 497 497 502 502 502 503 503 503 497 497 497 503 503 503 496 496 496 500 500 500 497 497 497 498 498 498 500 500 500 502 502 502 497 497 497 499 499 499 496 496 496 501 501 501 496 496 496 503 503 503 501 501 501 504 504 504 505 505 505 506 506 506 507 507 507 504 504 504 506 506 506 507 507 507 506 506 506 508 508 508 509 509 509 507 507 507 508 508 508 509 509 509 508 508 508 510 510 510 511 511 511 509 509 509 510 510 510 511 511 511 510 510 510 505 505 505 504 504 504 511 511 511 505 505 505 506 506 506 505 505 505 510 510 510 508 508 508 506 506 506 510 510 510 511 511 511 504 504 504 507 507 507 511 511 511 507 507 507 509 509 509 512 512 512 513 513 513 514 514 514 515 515 515 512 512 512 514 514 514 515 515 515 514 514 514 516 516 516 517 517 517 515 515 515 516 516 516 517 517 517 516 516 516 518 518 518 519 519 519 517 517 517 518 518 518 519 519 519 518 518 518 513 513 513 512 512 512 519 519 519 513 513 513 514 514 514 513 513 513 518 518 518 516 516 516 514 514 514 518 518 518 519 519 519 512 512 512 515 515 515 519 519 519 515 515 515 517 517 517 520 520 520 521 521 521 522 522 522 523 523 523 520 520 520 522 522 522 523 523 523 522 522 522 524 524 524 525 525 525 523 523 523 524 524 524 525 525 525 524 524 524 526 526 526 527 527 527 525 525 525 526 526 526 527 527 527 526 526 526 521 521 521 520 520 520 527 527 527 521 521 521 522 522 522 521 521 521 526 526 526 524 524 524 522 522 522 526 526 526 527 527 527 520 520 520 523 523 523 527 527 527 523 523 523 525 525 525 528 528 528 529 529 529 530 530 530 531 531 531 528 528 528 530 530 530 531 531 531 530 530 530 532 532 532 533 533 533 531 531 531 532 532 532 533 533 533 532 532 532 534 534 534 535 535 535 533 533 533 534 534 534 535 535 535 534 534 534 529 529 529 528 528 528 535 535 535 529 529 529 530 530 530 529 529 529 534 534 534 532 532 532 530 530 530 534 534 534 535 535 535 528 528 528 531 531 531 535 535 535 531 531 531 533 533 533 536 536 536 537 537 537 538 538 538 539 539 539 536 536 536 538 538 538 539 539 539 538 538 538 540 540 540 541 541 541 539 539 539 540 540 540 541 541 541 540 540 540 542 542 542 543 543 543 541 541 541 542 542 542 543 543 543 542 542 542 537 537 537 536 536 536 543 543 543 537 537 537 538 538 538 537 537 537 542 542 542 540 540 540 538 538 538 542 542 542 543 543 543 536 536 536 539 539 539 543 543 543 539 539 539 541 541 541 544 544 544 545 545 545 546 546 546 547 547 547 544 544 544 546 546 546 547 547 547 546 546 546 548 548 548 549 549 549 547 547 547 548 548 548 549 549 549 548 548 548 550 550 550 551 551 551 549 549 549 550 550 550 551 551 551 550 550 550 545 545 545 544 544 544 551 551 551 545 545 545 546 546 546 545 545 545 550 550 550 548 548 548 546 546 546 550 550 550 551 551 551 544 544 544 547 547 547 551 551 551 547 547 547 549 549 549 552 552 552 553 553 553 554 554 554 555 555 555 552 552 552 554 554 554 555 555 555 554 554 554 556 556 556 557 557 557 555 555 555 556 556 556 557 557 557 556 556 556 558 558 558 559 559 559 557 557 557 558 558 558 559 559 559 558 558 558 553 553 553 552 552 552 559 559 559 553 553 553 554 554 554 553 553 553 558 558 558 556 556 556 554 554 554 558 558 558 559 559 559 552 552 552 555 555 555 559 559 559 555 555 555 557 557 557 560 560 560 561 561 561 562 562 562 563 563 563 560 560 560 562 562 562 563 563 563 562 562 562 564 564 564 565 565 565 563 563 563 564 564 564 565 565 565 564 564 564 566 566 566 567 567 567 565 565 565 566 566 566 567 567 567 566 566 566 561 561 561 560 560 560 567 567 567 561 561 561 562 562 562 561 561 561 566 566 566 564 564 564 562 562 562 566 566 566 567 567 567 560 560 560 563 563 563 567 567 567 563 563 563 565 565 565 568 568 568 569 569 569 570 570 570 571 571 571 568 568 568 570 570 570 571 571 571 570 570 570 572 572 572 573 573 573 571 571 571 572 572 572 573 573 573 572 572 572 574 574 574 575 575 575 573 573 573 574 574 574 575 575 575 574 574 574 569 569 569 568 568 568 575 575 575 569 569 569 570 570 570 569 569 569 574 574 574 572 572 572 570 570 570 574 574 574 575 575 575 568 568 568 571 571 571 575 575 575 571 571 571 573 573 573 576 576 576 577 577 577 578 578 578 579 579 579 576 576 576 578 578 578 579 579 579 578 578 578 580 580 580 580 580 580 578 578 578 581 581 581 580 580 580 581 581 581 582 582 582 583 583 583 580 580 580 582 582 582 583 583 583 582 582 582 576 576 576 576 576 576 582 582 582 577 577 577 578 578 578 577 577 577 582 582 582 581 581 581 578 578 578 582 582 582 583 583 583 576 576 576 579 579 579 583 583 583 579 579 579 580 580 580 584 584 584 585 585 585 586 586 586 587 587 587 584 584 584 586 586 586 587 587 587 586 586 586 588 588 588 589 589 589 587 587 587 588 588 588 589 589 589 588 588 588 590 590 590 591 591 591 589 589 589 590 590 590 591 591 591 590 590 590 585 585 585 584 584 584 591 591 591 585 585 585 586 586 586 585 585 585 590 590 590 588 588 588 586 586 586 590 590 590 591 591 591 584 584 584 587 587 587 591 591 591 587 587 587 589 589 589 592 592 592 593 593 593 594 594 594 595 595 595 592 592 592 594 594 594 595 595 595 594 594 594 596 596 596 597 597 597 595 595 595 596 596 596 597 597 597 596 596 596 598 598 598 599 599 599 597 597 597 598 598 598 599 599 599 598 598 598 593 593 593 592 592 592 599 599 599 593 593 593 594 594 594 593 593 593 598 598 598 596 596 596 594 594 594 598 598 598 599 599 599 592 592 592 595 595 595 599 599 599 595 595 595 597 597 597 600 600 600 601 601 601 602 602 602 603 603 603 600 600 600 602 602 602 603 603 603 602 602 602 604 604 604 605 605 605 603 603 603 604 604 604 605 605 605 604 604 604 606 606 606 607 607 607 605 605 605 606 606 606 607 607 607 606 606 606 601 601 601 600 600 600 607 607 607 601 601 601 602 602 602 601 601 601 606 606 606 604 604 604 602 602 602 606 606 606 607 607 607 600 600 600 603 603 603 607 607 607 603 603 603 605 605 605 608 608 608 609 609 609 610 610 610 611 611 611 608 608 608 610 610 610 611 611 611 610 610 610 612 612 612 613 613 613 611 611 611 612 612 612 613 613 613 612 612 612 614 614 614 615 615 615 613 613 613 614 614 614 615 615 615 614 614 614 609 609 609 608 608 608 615 615 615 609 609 609 610 610 610 609 609 609 614 614 614 612 612 612 610 610 610 614 614 614 615 615 615 608 608 608 611 611 611 615 615 615 611 611 611 613 613 613 616 616 616 617 617 617 618 618 618 619 619 619 616 616 616 618 618 618 619 619 619 618 618 618 620 620 620 621 621 621 619 619 619 620 620 620 621 621 621 620 620 620 622 622 622 623 623 623 621 621 621 622 622 622 623 623 623 622 622 622 617 617 617 616 616 616 623 623 623 617 617 617 618 618 618 617 617 617 622 622 622 620 620 620 618 618 618 622 622 622 623 623 623 616 616 616 619 619 619 623 623 623 619 619 619 621 621 621 624 624 624 625 625 625 626 626 626 627 627 627 624 624 624 626 626 626 627 627 627 626 626 626 628 628 628 629 629 629 627 627 627 628 628 628 629 629 629 628 628 628 630 630 630 631 631 631 629 629 629 630 630 630 631 631 631 630 630 630 625 625 625 624 624 624 631 631 631 625 625 625 626 626 626 625 625 625 630 630 630 628 628 628 626 626 626 630 630 630 631 631 631 624 624 624 627 627 627 631 631 631 627 627 627 629 629 629 632 632 632 633 633 633 634 634 634 635 635 635 632 632 632 634 634 634 635 635 635 634 634 634 636 636 636 637 637 637 635 635 635 636 636 636 637 637 637 636 636 636 638 638 638 639 639 639 637 637 637 638 638 638 639 639 639 638 638 638 633 633 633 632 632 632 639 639 639 633 633 633 634 634 634 633 633 633 638 638 638 636 636 636 634 634 634 638 638 638 639 639 639 632 632 632 635 635 635 639 639 639 635 635 635 637 637 637 640 640 640 641 641 641 642 642 642 643 643 643 640 640 640 642 642 642 643 643 643 642 642 642 644 644 644 645 645 645 643 643 643 644 644 644 645 645 645 644 644 644 646 646 646 647 647 647 645 645 645 646 646 646 647 647 647 646 646 646 641 641 641 640 640 640 647 647 647 641 641 641 642 642 642 641 641 641 644 644 644 641 641 641 646 646 646 644 644 644 645 645 645 640 640 640 643 643 643 645 645 645 647 647 647 640 640 640 648 648 648 649 649 649 650 650 650 651 651 651 648 648 648 650 650 650 651 651 651 650 650 650 652 652 652 653 653 653 651 651 651 652 652 652 653 653 653 652 652 652 654 654 654 655 655 655 653 653 653 654 654 654 655 655 655 654 654 654 649 649 649 648 648 648 655 655 655 649 649 649 650 650 650 649 649 649 652 652 652 649 649 649 654 654 654 652 652 652 653 653 653 648 648 648 651 651 651 653 653 653 655 655 655 648 648 648 656 656 656 657 657 657 658 658 658 659 659 659 656 656 656 658 658 658 659 659 659 658 658 658 660 660 660 661 661 661 659 659 659 660 660 660 661 661 661 660 660 660 662 662 662 663 663 663 661 661 661 662 662 662 663 663 663 662 662 662 657 657 657 656 656 656 663 663 663 657 657 657 658 658 658 657 657 657 660 660 660 657 657 657 662 662 662 660 660 660 661 661 661 656 656 656 659 659 659 661 661 661 663 663 663 656 656 656 664 664 664 665 665 665 666 666 666 667 667 667 664 664 664 666 666 666 667 667 667 666 666 666 668 668 668 669 669 669 667 667 667 668 668 668 669 669 669 668 668 668 670 670 670 671 671 671 669 669 669 670 670 670 671 671 671 670 670 670 665 665 665 664 664 664 671 671 671 665 665 665 666 666 666 665 665 665 668 668 668 665 665 665 670 670 670 668 668 668 669 669 669 664 664 664 667 667 667 669 669 669 671 671 671 664 664 664 672 672 672 673 673 673 674 674 674 675 675 675 672 672 672 674 674 674 675 675 675 674 674 674 676 676 676 677 677 677 675 675 675 676 676 676 677 677 677 676 676 676 678 678 678 679 679 679 677 677 677 678 678 678 679 679 679 678 678 678 673 673 673 672 672 672 679 679 679 673 673 673 674 674 674 673 673 673 678 678 678 676 676 676 674 674 674 678 678 678 679 679 679 672 672 672 675 675 675 679 679 679 675 675 675 677 677 677 680 680 680 681 681 681 682 682 682 683 683 683 680 680 680 682 682 682 683 683 683 682 682 682 684 684 684 685 685 685 683 683 683 684 684 684 685 685 685 684 684 684 686 686 686 687 687 687 685 685 685 686 686 686 687 687 687 686 686 686 681 681 681 680 680 680 687 687 687 681 681 681 682 682 682 681 681 681 686 686 686 684 684 684 682 682 682 686 686 686 687 687 687 680 680 680 683 683 683 687 687 687 683 683 683 685 685 685 688 688 688 689 689 689 690 690 690 691 691 691 688 688 688 690 690 690 691 691 691 690 690 690 692 692 692 693 693 693 691 691 691 692 692 692 693 693 693 692 692 692 694 694 694 695 695 695 693 693 693 694 694 694 695 695 695 694 694 694 689 689 689 688 688 688 695 695 695 689 689 689 690 690 690 689 689 689 694 694 694 692 692 692 690 690 690 694 694 694 695 695 695 688 688 688 691 691 691 695 695 695 691 691 691 693 693 693 696 696 696 697 697 697 698 698 698 699 699 699 696 696 696 698 698 698 699 699 699 698 698 698 700 700 700 701 701 701 699 699 699 700 700 700 701 701 701 700 700 700 702 702 702 703 703 703 701 701 701 702 702 702 703 703 703 702 702 702 697 697 697 696 696 696 703 703 703 697 697 697 698 698 698 697 697 697 700 700 700 697 697 697 702 702 702 700 700 700 701 701 701 696 696 696 699 699 699 701 701 701 703 703 703 696 696 696 704 704 704 705 705 705 706 706 706 707 707 707 704 704 704 706 706 706 707 707 707 706 706 706 708 708 708 709 709 709 707 707 707 708 708 708 709 709 709 708 708 708 710 710 710 711 711 711 709 709 709 710 710 710 711 711 711 710 710 710 705 705 705 704 704 704 711 711 711 705 705 705 706 706 706 705 705 705 708 708 708 705 705 705 710 710 710 708 708 708 709 709 709 704 704 704 707 707 707 709 709 709 711 711 711 704 704 704 712 712 712 713 713 713 714 714 714 712 712 712 714 714 714 715 715 715 716 716 716 713 713 713 717 717 717 716 716 716 714 714 714 713 713 713 717 717 717 718 718 718 719 719 719 717 717 717 719 719 719 716 716 716 720 720 720 718 718 718 721 721 721 720 720 720 719 719 719 718 718 718 721 721 721 722 722 722 723 723 723 721 721 721 723 723 723 720 720 720 724 724 724 722 722 722 725 725 725 724 724 724 723 723 723 722 722 722 725 725 725 726 726 726 727 727 727 725 725 725 727 727 727 724 724 724 728 728 728 726 726 726 729 729 729 728 728 728 727 727 727 726 726 726 729 729 729 730 730 730 731 731 731 729 729 729 731 731 731 728 728 728 732 732 732 730 730 730 733 733 733 732 732 732 731 731 731 730 730 730 733 733 733 734 734 734 735 735 735 733 733 733 735 735 735 732 732 732 736 736 736 734 734 734 737 737 737 736 736 736 735 735 735 734 734 734 737 737 737 738 738 738 739 739 739 737 737 737 739 739 739 736 736 736 740 740 740 738 738 738 741 741 741 740 740 740 739 739 739 738 738 738 741 741 741 742 742 742 743 743 743 741 741 741 743 743 743 740 740 740 744 744 744 742 742 742 745 745 745 744 744 744 743 743 743 742 742 742 745 745 745 746 746 746 747 747 747 745 745 745 747 747 747 744 744 744 748 748 748 746 746 746 749 749 749 748 748 748 747 747 747 746 746 746 749 749 749 750 750 750 751 751 751 749 749 749 751 751 751 748 748 748 752 752 752 750 750 750 753 753 753 752 752 752 751 751 751 750 750 750 754 754 754 753 753 753 755 755 755 754 754 754 752 752 752 753 753 753 755 755 755 756 756 756 757 757 757 755 755 755 757 757 757 754 754 754 715 715 715 756 756 756 712 712 712 715 715 715 757 757 757 756 756 756 748 748 748 751 751 751 752 752 752 748 748 748 752 752 752 754 754 754 744 744 744 747 747 747 748 748 748 740 740 740 743 743 743 744 744 744 736 736 736 739 739 739 740 740 740 732 732 732 735 735 735 736 736 736 728 728 728 731 731 731 732 732 732 724 724 724 727 727 727 728 728 728 720 720 720 723 723 723 724 724 724 716 716 716 719 719 719 720 720 720 757 757 757 715 715 715 714 714 714 757 757 757 714 714 714 716 716 716 754 754 754 757 757 757 716 716 716 754 754 754 716 716 716 720 720 720 754 754 754 720 720 720 724 724 724 754 754 754 724 724 724 728 728 728 754 754 754 728 728 728 732 732 732 754 754 754 732 732 732 736 736 736 754 754 754 736 736 736 740 740 740 754 754 754 740 740 740 744 744 744 754 754 754 744 744 744 748 748 748 749 749 749 755 755 755 753 753 753 749 749 749 753 753 753 750 750 750 745 745 745 749 749 749 746 746 746 741 741 741 745 745 745 742 742 742 737 737 737 741 741 741 738 738 738 733 733 733 737 737 737 734 734 734 729 729 729 733 733 733 730 730 730 725 725 725 729 729 729 726 726 726 721 721 721 725 725 725 722 722 722 717 717 717 721 721 721 718 718 718 756 756 756 717 717 717 713 713 713 712 712 712 756 756 756 713 713 713 756 756 756 755 755 755 717 717 717 717 717 717 755 755 755 721 721 721 721 721 721 755 755 755 725 725 725 725 725 725 755 755 755 729 729 729 729 729 729 755 755 755 733 733 733 733 733 733 755 755 755 737 737 737 737 737 737 755 755 755 741 741 741 741 741 741 755 755 755 745 745 745 745 745 745 755 755 755 749 749 749 758 758 758 759 759 759 760 760 760 761 761 761 758 758 758 760 760 760 761 761 761 760 760 760 762 762 762 763 763 763 761 761 761 762 762 762 763 763 763 762 762 762 764 764 764 765 765 765 763 763 763 764 764 764 765 765 765 764 764 764 759 759 759 758 758 758 765 765 765 759 759 759 760 760 760 759 759 759 762 762 762 759 759 759 764 764 764 762 762 762 763 763 763 758 758 758 761 761 761 763 763 763 765 765 765 758 758 758 766 766 766 767 767 767 768 768 768 769 769 769 766 766 766 768 768 768 769 769 769 768 768 768 770 770 770 771 771 771 769 769 769 770 770 770 771 771 771 770 770 770 772 772 772 773 773 773 771 771 771 772 772 772 773 773 773 772 772 772 767 767 767 766 766 766 773 773 773 767 767 767 768 768 768 767 767 767 770 770 770 767 767 767 772 772 772 770 770 770 771 771 771 766 766 766 769 769 769 771 771 771 773 773 773 766 766 766 774 774 774 775 775 775 776 776 776 777 777 777 774 774 774 776 776 776 777 777 777 776 776 776 778 778 778 779 779 779 777 777 777 778 778 778 779 779 779 778 778 778 780 780 780 781 781 781 779 779 779 780 780 780 781 781 781 780 780 780 775 775 775 774 774 774 781 781 781 775 775 775 776 776 776 775 775 775 778 778 778 775 775 775 780 780 780 778 778 778 779 779 779 774 774 774 777 777 777 779 779 779 781 781 781 774 774 774 782 782 782 783 783 783 784 784 784 785 785 785 782 782 782 784 784 784 785 785 785 784 784 784 786 786 786 787 787 787 785 785 785 786 786 786 787 787 787 786 786 786 788 788 788 789 789 789 787 787 787 788 788 788 789 789 789 788 788 788 783 783 783 782 782 782 789 789 789 783 783 783 784 784 784 783 783 783 786 786 786 783 783 783 788 788 788 786 786 786 787 787 787 782 782 782 785 785 785 787 787 787 789 789 789 782 782 782 790 790 790 791 791 791 792 792 792 793 793 793 790 790 790 792 792 792 793 793 793 792 792 792 794 794 794 795 795 795 793 793 793 794 794 794 795 795 795 794 794 794 796 796 796 797 797 797 795 795 795 796 796 796 797 797 797 796 796 796 791 791 791 790 790 790 797 797 797 791 791 791 792 792 792 791 791 791 794 794 794 791 791 791 796 796 796 794 794 794 795 795 795 790 790 790 793 793 793 795 795 795 797 797 797 790 790 790 798 798 798 799 799 799 800 800 800 801 801 801 798 798 798 800 800 800 801 801 801 800 800 800 802 802 802 803 803 803 801 801 801 802 802 802 803 803 803 802 802 802 804 804 804 805 805 805 803 803 803 804 804 804 805 805 805 804 804 804 799 799 799 798 798 798 805 805 805 799 799 799 802 802 802 800 800 800 799 799 799 804 804 804 802 802 802 799 799 799 798 798 798 801 801 801 803 803 803 798 798 798 803 803 803 805 805 805 806 806 806 807 807 807 808 808 808 809 809 809 806 806 806 808 808 808 809 809 809 808 808 808 810 810 810 811 811 811 809 809 809 810 810 810 811 811 811 810 810 810 812 812 812 813 813 813 811 811 811 812 812 812 813 813 813 812 812 812 807 807 807 806 806 806 813 813 813 807 807 807 810 810 810 808 808 808 807 807 807 812 812 812 810 810 810 807 807 807 806 806 806 809 809 809 811 811 811 806 806 806 811 811 811 813 813 813 814 814 814 815 815 815 816 816 816 817 817 817 814 814 814 816 816 816 817 817 817 816 816 816 818 818 818 819 819 819 817 817 817 818 818 818 819 819 819 818 818 818 820 820 820 821 821 821 819 819 819 820 820 820 821 821 821 820 820 820 815 815 815 814 814 814 821 821 821 815 815 815 815 815 815 820 820 820 818 818 818 815 815 815 818 818 818 816 816 816 819 819 819 821 821 821 814 814 814 817 817 817 819 819 819 814 814 814 822 822 822 823 823 823 824 824 824 825 825 825 822 822 822 824 824 824 825 825 825 824 824 824 826 826 826 827 827 827 825 825 825 826 826 826 827 827 827 826 826 826 828 828 828 829 829 829 827 827 827 828 828 828 829 829 829 828 828 828 823 823 823 822 822 822 829 829 829 823 823 823 823 823 823 828 828 828 826 826 826 823 823 823 826 826 826 824 824 824 827 827 827 829 829 829 822 822 822 825 825 825 827 827 827 822 822 822 830 830 830 831 831 831 832 832 832 833 833 833 830 830 830 832 832 832 833 833 833 832 832 832 834 834 834 835 835 835 833 833 833 834 834 834 835 835 835 834 834 834 836 836 836 837 837 837 835 835 835 836 836 836 837 837 837 836 836 836 831 831 831 830 830 830 837 837 837 831 831 831 834 834 834 832 832 832 831 831 831 836 836 836 834 834 834 831 831 831 830 830 830 833 833 833 835 835 835 830 830 830 835 835 835 837 837 837 840 840 840 839 839 839 838 838 838 840 840 840 838 838 838 841 841 841 842 842 842 840 840 840 841 841 841 842 842 842 841 841 841 843 843 843 844 844 844 842 842 842 843 843 843 844 844 844 843 843 843 845 845 845 839 839 839 844 844 844 845 845 845 839 839 839 845 845 845 838 838 838 842 842 842 839 839 839 840 840 840 842 842 842 844 844 844 839 839 839 841 841 841 838 838 838 843 843 843 838 838 838 845 845 845 843 843 843 846 846 846 847 847 847 848 848 848 849 849 849 846 846 846 848 848 848 849 849 849 848 848 848 850 850 850 851 851 851 849 849 849 850 850 850 851 851 851 850 850 850 852 852 852 853 853 853 851 851 851 852 852 852 853 853 853 852 852 852 854 854 854 855 855 855 853 853 853 854 854 854 855 855 855 854 854 854 847 847 847 846 846 846 855 855 855 847 847 847 848 848 848 847 847 847 852 852 852 850 850 850 848 848 848 852 852 852 852 852 852 847 847 847 854 854 854 853 853 853 846 846 846 849 849 849 853 853 853 849 849 849 851 851 851 855 855 855 846 846 846 853 853 853 856 856 856 857 857 857 858 858 858 859 859 859 856 856 856 858 858 858 859 859 859 858 858 858 860 860 860 861 861 861 859 859 859 860 860 860 861 861 861 860 860 860 862 862 862 863 863 863 861 861 861 862 862 862 863 863 863 862 862 862 864 864 864 865 865 865 863 863 863 864 864 864 865 865 865 864 864 864 866 866 866 867 867 867 865 865 865 866 866 866 867 867 867 866 866 866 857 857 857 856 856 856 867 867 867 857 857 857 866 866 866 860 860 860 858 858 858 866 866 866 858 858 858 857 857 857 860 860 860 866 866 866 862 862 862 862 862 862 866 866 866 864 864 864 859 859 859 861 861 861 867 867 867 856 856 856 859 859 859 867 867 867 863 863 863 867 867 867 861 861 861 865 865 865 867 867 867 863 863 863 870 870 870 869 869 869 868 868 868 870 870 870 868 868 868 871 871 871 872 872 872 870 870 870 871 871 871 872 872 872 871 871 871 873 873 873 874 874 874 872 872 872 873 873 873 874 874 874 873 873 873 875 875 875 869 869 869 874 874 874 875 875 875 869 869 869 875 875 875 868 868 868 872 872 872 869 869 869 870 870 870 872 872 872 874 874 874 869 869 869 871 871 871 868 868 868 873 873 873 868 868 868 875 875 875 873 873 873 876 876 876 877 877 877 878 878 878 879 879 879 876 876 876 878 878 878 879 879 879 878 878 878 880 880 880 881 881 881 879 879 879 880 880 880 881 881 881 880 880 880 882 882 882 883 883 883 881 881 881 882 882 882 883 883 883 882 882 882 877 877 877 876 876 876 883 883 883 877 877 877 878 878 878 877 877 877 880 880 880 877 877 877 882 882 882 880 880 880 881 881 881 876 876 876 879 879 879 881 881 881 883 883 883 876 876 876 886 886 886 885 885 885 884 884 884 886 886 886 884 884 884 887 887 887 888 888 888 886 886 886 887 887 887 888 888 888 887 887 887 889 889 889 890 890 890 888 888 888 889 889 889 890 890 890 889 889 889 891 891 891 885 885 885 890 890 890 891 891 891 885 885 885 891 891 891 884 884 884 888 888 888 885 885 885 886 886 886 888 888 888 890 890 890 885 885 885 887 887 887 884 884 884 889 889 889 884 884 884 891 891 891 889 889 889 892 892 892 893 893 893 894 894 894 895 895 895 892 892 892 894 894 894 895 895 895 894 894 894 896 896 896 897 897 897 895 895 895 896 896 896 897 897 897 896 896 896 898 898 898 899 899 899 897 897 897 898 898 898 899 899 899 898 898 898 900 900 900 901 901 901 899 899 899 900 900 900 901 901 901 900 900 900 893 893 893 892 892 892 901 901 901 893 893 893 900 900 900 898 898 898 896 896 896 893 893 893 900 900 900 896 896 896 893 893 893 896 896 896 894 894 894 897 897 897 899 899 899 901 901 901 897 897 897 901 901 901 892 892 892 895 895 895 897 897 897 892 892 892 902 902 902 903 903 903 904 904 904 905 905 905 902 902 902 904 904 904 905 905 905 904 904 904 906 906 906 907 907 907 905 905 905 906 906 906 907 907 907 906 906 906 908 908 908 909 909 909 907 907 907 908 908 908 909 909 909 908 908 908 910 910 910 911 911 911 909 909 909 910 910 910 911 911 911 910 910 910 903 903 903 902 902 902 911 911 911 903 903 903 904 904 904 903 903 903 906 906 906 903 903 903 910 910 910 906 906 906 906 906 906 910 910 910 908 908 908 907 907 907 902 902 902 905 905 905 907 907 907 911 911 911 902 902 902 909 909 909 911 911 911 907 907 907 914 914 914 913 913 913 912 912 912 914 914 914 912 912 912 915 915 915 916 916 916 914 914 914 915 915 915 916 916 916 915 915 915 917 917 917 918 918 918 916 916 916 917 917 917 918 918 918 917 917 917 919 919 919 913 913 913 918 918 918 919 919 919 913 913 913 919 919 919 912 912 912 916 916 916 913 913 913 914 914 914 916 916 916 918 918 918 913 913 913 915 915 915 912 912 912 917 917 917 912 912 912 919 919 919 917 917 917 920 920 920 921 921 921 922 922 922 923 923 923 920 920 920 922 922 922 923 923 923 922 922 922 924 924 924 925 925 925 923 923 923 924 924 924 925 925 925 924 924 924 926 926 926 927 927 927 925 925 925 926 926 926 927 927 927 926 926 926 928 928 928 929 929 929 927 927 927 928 928 928 929 929 929 928 928 928 930 930 930 931 931 931 929 929 929 930 930 930 931 931 931 930 930 930 932 932 932 933 933 933 931 931 931 932 932 932 933 933 933 932 932 932 934 934 934 935 935 935 933 933 933 934 934 934 935 935 935 934 934 934 921 921 921 920 920 920 935 935 935 921 921 921 930 930 930 928 928 928 932 932 932 932 932 932 928 928 928 926 926 926 934 934 934 932 932 932 924 924 924 932 932 932 926 926 926 924 924 924 934 934 934 924 924 924 922 922 922 934 934 934 922 922 922 921 921 921 933 933 933 929 929 929 931 931 931 927 927 927 929 929 929 933 933 933 925 925 925 933 933 933 935 935 935 925 925 925 927 927 927 933 933 933 923 923 923 925 925 925 935 935 935 920 920 920 923 923 923 935 935 935 938 938 938 937 937 937 936 936 936 938 938 938 936 936 936 939 939 939 940 940 940 938 938 938 939 939 939 940 940 940 939 939 939 941 941 941 942 942 942 940 940 940 941 941 941 942 942 942 941 941 941 943 943 943 937 937 937 942 942 942 943 943 943 937 937 937 943 943 943 936 936 936 940 940 940 937 937 937 938 938 938 940 940 940 942 942 942 937 937 937 939 939 939 936 936 936 941 941 941 936 936 936 943 943 943 941 941 941 944 944 944 945 945 945 946 946 946 947 947 947 944 944 944 946 946 946 947 947 947 946 946 946 948 948 948 949 949 949 947 947 947 948 948 948 949 949 949 948 948 948 950 950 950 951 951 951 949 949 949 950 950 950 951 951 951 950 950 950 952 952 952 953 953 953 951 951 951 952 952 952 953 953 953 952 952 952 954 954 954 955 955 955 953 953 953 954 954 954 955 955 955 954 954 954 956 956 956 957 957 957 955 955 955 956 956 956 957 957 957 956 956 956 958 958 958 959 959 959 957 957 957 958 958 958 959 959 959 958 958 958 960 960 960 961 961 961 959 959 959 960 960 960 961 961 961 960 960 960 945 945 945 944 944 944 961 961 961 945 945 945 948 948 948 946 946 946 945 945 945 948 948 948 945 945 945 960 960 960 950 950 950 948 948 948 956 956 956 948 948 948 960 960 960 956 956 956 952 952 952 950 950 950 954 954 954 950 950 950 956 956 956 954 954 954 956 956 956 960 960 960 958 958 958 944 944 944 947 947 947 949 949 949 961 961 961 944 944 944 949 949 949 957 957 957 949 949 949 951 951 951 957 957 957 961 961 961 949 949 949 955 955 955 951 951 951 953 953 953 955 955 955 957 957 957 951 951 951 959 959 959 961 961 961 957 957 957 964 964 964 963 963 963 962 962 962 964 964 964 962 962 962 965 965 965 966 966 966 964 964 964 965 965 965 966 966 966 965 965 965 967 967 967 968 968 968 966 966 966 967 967 967 968 968 968 967 967 967 969 969 969 963 963 963 968 968 968 969 969 969 963 963 963 969 969 969 962 962 962 966 966 966 963 963 963 964 964 964 966 966 966 968 968 968 963 963 963 965 965 965 962 962 962 967 967 967 962 962 962 969 969 969 967 967 967 972 972 972 971 971 971 970 970 970 972 972 972 970 970 970 973 973 973 974 974 974 972 972 972 973 973 973 974 974 974 973 973 973 975 975 975 976 976 976 974 974 974 975 975 975 976 976 976 975 975 975 977 977 977 971 971 971 976 976 976 977 977 977 971 971 971 977 977 977 970 970 970 974 974 974 971 971 971 972 972 972 974 974 974 976 976 976 971 971 971 973 973 973 970 970 970 975 975 975 970 970 970 977 977 977 975 975 975 980 980 980 979 979 979 978 978 978 980 980 980 978 978 978 981 981 981 982 982 982 980 980 980 981 981 981 982 982 982 981 981 981 983 983 983 984 984 984 982 982 982 983 983 983 984 984 984 983 983 983 985 985 985 979 979 979 984 984 984 985 985 985 979 979 979 985 985 985 978 978 978 982 982 982 979 979 979 980 980 980 982 982 982 984 984 984 979 979 979 981 981 981 978 978 978 983 983 983 978 978 978 985 985 985 983 983 983 988 988 988 987 987 987 986 986 986 988 988 988 986 986 986 989 989 989 990 990 990 988 988 988 989 989 989 990 990 990 989 989 989 991 991 991 992 992 992 990 990 990 991 991 991 992 992 992 991 991 991 993 993 993 987 987 987 992 992 992 993 993 993 987 987 987 993 993 993 986 986 986 990 990 990 987 987 987 988 988 988 990 990 990 992 992 992 987 987 987 989 989 989 986 986 986 991 991 991 986 986 986 993 993 993 991 991 991 996 996 996 995 995 995 994 994 994 996 996 996 994 994 994 997 997 997 998 998 998 996 996 996 997 997 997 998 998 998 997 997 997 999 999 999 1000 1000 1000 998 998 998 999 999 999 1000 1000 1000 999 999 999 1001 1001 1001 995 995 995 1000 1000 1000 1001 1001 1001 995 995 995 1001 1001 1001 994 994 994 998 998 998 995 995 995 996 996 996 998 998 998 1000 1000 1000 995 995 995 997 997 997 994 994 994 999 999 999 994 994 994 1001 1001 1001 999 999 999 1004 1004 1004 1003 1003 1003 1002 1002 1002 1004 1004 1004 1002 1002 1002 1005 1005 1005 1006 1006 1006 1004 1004 1004 1005 1005 1005 1006 1006 1006 1005 1005 1005 1007 1007 1007 1008 1008 1008 1006 1006 1006 1007 1007 1007 1008 1008 1008 1007 1007 1007 1009 1009 1009 1003 1003 1003 1008 1008 1008 1009 1009 1009 1003 1003 1003 1009 1009 1009 1002 1002 1002 1006 1006 1006 1003 1003 1003 1004 1004 1004 1006 1006 1006 1008 1008 1008 1003 1003 1003 1005 1005 1005 1002 1002 1002 1007 1007 1007 1002 1002 1002 1009 1009 1009 1007 1007 1007 1012 1012 1012 1011 1011 1011 1010 1010 1010 1012 1012 1012 1010 1010 1010 1013 1013 1013 1014 1014 1014 1012 1012 1012 1013 1013 1013 1014 1014 1014 1013 1013 1013 1015 1015 1015 1016 1016 1016 1014 1014 1014 1015 1015 1015 1016 1016 1016 1015 1015 1015 1017 1017 1017 1011 1011 1011 1016 1016 1016 1017 1017 1017 1011 1011 1011 1017 1017 1017 1010 1010 1010 1014 1014 1014 1011 1011 1011 1012 1012 1012 1014 1014 1014 1016 1016 1016 1011 1011 1011 1013 1013 1013 1010 1010 1010 1015 1015 1015 1010 1010 1010 1017 1017 1017 1015 1015 1015 1020 1020 1020 1019 1019 1019 1018 1018 1018 1020 1020 1020 1018 1018 1018 1021 1021 1021 1022 1022 1022 1020 1020 1020 1021 1021 1021 1022 1022 1022 1021 1021 1021 1023 1023 1023 1024 1024 1024 1022 1022 1022 1023 1023 1023 1024 1024 1024 1023 1023 1023 1025 1025 1025 1019 1019 1019 1024 1024 1024 1025 1025 1025 1019 1019 1019 1025 1025 1025 1018 1018 1018 1022 1022 1022 1019 1019 1019 1020 1020 1020 1022 1022 1022 1024 1024 1024 1019 1019 1019 1021 1021 1021 1018 1018 1018 1023 1023 1023 1018 1018 1018 1025 1025 1025 1023 1023 1023 1028 1028 1028 1027 1027 1027 1026 1026 1026 1028 1028 1028 1026 1026 1026 1029 1029 1029 1030 1030 1030 1028 1028 1028 1029 1029 1029 1030 1030 1030 1029 1029 1029 1031 1031 1031 1032 1032 1032 1030 1030 1030 1031 1031 1031 1032 1032 1032 1031 1031 1031 1033 1033 1033 1027 1027 1027 1032 1032 1032 1033 1033 1033 1027 1027 1027 1033 1033 1033 1026 1026 1026 1030 1030 1030 1027 1027 1027 1028 1028 1028 1030 1030 1030 1032 1032 1032 1027 1027 1027 1029 1029 1029 1026 1026 1026 1031 1031 1031 1026 1026 1026 1033 1033 1033 1031 1031 1031 1036 1036 1036 1035 1035 1035 1034 1034 1034 1036 1036 1036 1034 1034 1034 1037 1037 1037 1038 1038 1038 1036 1036 1036 1037 1037 1037 1038 1038 1038 1037 1037 1037 1039 1039 1039 1040 1040 1040 1038 1038 1038 1039 1039 1039 1040 1040 1040 1039 1039 1039 1041 1041 1041 1035 1035 1035 1040 1040 1040 1041 1041 1041 1035 1035 1035 1041 1041 1041 1034 1034 1034 1038 1038 1038 1035 1035 1035 1036 1036 1036 1038 1038 1038 1040 1040 1040 1035 1035 1035 1037 1037 1037 1034 1034 1034 1039 1039 1039 1034 1034 1034 1041 1041 1041 1039 1039 1039 1042 1042 1042 1043 1043 1043 1044 1044 1044 1045 1045 1045 1042 1042 1042 1044 1044 1044 1045 1045 1045 1044 1044 1044 1046 1046 1046 1047 1047 1047 1045 1045 1045 1046 1046 1046 1047 1047 1047 1046 1046 1046 1048 1048 1048 1049 1049 1049 1047 1047 1047 1048 1048 1048 1049 1049 1049 1048 1048 1048 1043 1043 1043 1042 1042 1042 1049 1049 1049 1043 1043 1043 1044 1044 1044 1043 1043 1043 1046 1046 1046 1043 1043 1043 1048 1048 1048 1046 1046 1046 1047 1047 1047 1042 1042 1042 1045 1045 1045 1047 1047 1047 1049 1049 1049 1042 1042 1042 1052 1052 1052 1051 1051 1051 1050 1050 1050 1052 1052 1052 1050 1050 1050 1053 1053 1053 1054 1054 1054 1052 1052 1052 1053 1053 1053 1054 1054 1054 1053 1053 1053 1055 1055 1055 1056 1056 1056 1054 1054 1054 1055 1055 1055 1056 1056 1056 1055 1055 1055 1057 1057 1057 1051 1051 1051 1056 1056 1056 1057 1057 1057 1051 1051 1051 1057 1057 1057 1050 1050 1050 1054 1054 1054 1051 1051 1051 1052 1052 1052 1054 1054 1054 1056 1056 1056 1051 1051 1051 1053 1053 1053 1050 1050 1050 1055 1055 1055 1050 1050 1050 1057 1057 1057 1055 1055 1055 1060 1060 1060 1059 1059 1059 1058 1058 1058 1060 1060 1060 1058 1058 1058 1061 1061 1061 1062 1062 1062 1060 1060 1060 1061 1061 1061 1062 1062 1062 1061 1061 1061 1063 1063 1063 1064 1064 1064 1062 1062 1062 1063 1063 1063 1064 1064 1064 1063 1063 1063 1065 1065 1065 1059 1059 1059 1064 1064 1064 1065 1065 1065 1059 1059 1059 1065 1065 1065 1058 1058 1058 1062 1062 1062 1059 1059 1059 1060 1060 1060 1062 1062 1062 1064 1064 1064 1059 1059 1059 1061 1061 1061 1058 1058 1058 1063 1063 1063 1058 1058 1058 1065 1065 1065 1063 1063 1063 1068 1068 1068 1067 1067 1067 1066 1066 1066 1068 1068 1068 1066 1066 1066 1069 1069 1069 1070 1070 1070 1068 1068 1068 1069 1069 1069 1070 1070 1070 1069 1069 1069 1071 1071 1071 1072 1072 1072 1070 1070 1070 1071 1071 1071 1072 1072 1072 1071 1071 1071 1073 1073 1073 1067 1067 1067 1072 1072 1072 1073 1073 1073 1067 1067 1067 1073 1073 1073 1066 1066 1066 1070 1070 1070 1067 1067 1067 1068 1068 1068 1070 1070 1070 1072 1072 1072 1067 1067 1067 1069 1069 1069 1066 1066 1066 1071 1071 1071 1066 1066 1066 1073 1073 1073 1071 1071 1071 1076 1076 1076 1075 1075 1075 1074 1074 1074 1076 1076 1076 1074 1074 1074 1077 1077 1077 1078 1078 1078 1076 1076 1076 1077 1077 1077 1078 1078 1078 1077 1077 1077 1079 1079 1079 1080 1080 1080 1078 1078 1078 1079 1079 1079 1080 1080 1080 1079 1079 1079 1081 1081 1081 1075 1075 1075 1080 1080 1080 1081 1081 1081 1075 1075 1075 1081 1081 1081 1074 1074 1074 1078 1078 1078 1075 1075 1075 1076 1076 1076 1078 1078 1078 1080 1080 1080 1075 1075 1075 1077 1077 1077 1074 1074 1074 1079 1079 1079 1074 1074 1074 1081 1081 1081 1079 1079 1079 1082 1082 1082 1083 1083 1083 1084 1084 1084 1085 1085 1085 1082 1082 1082 1084 1084 1084 1085 1085 1085 1084 1084 1084 1086 1086 1086 1087 1087 1087 1085 1085 1085 1086 1086 1086 1087 1087 1087 1086 1086 1086 1088 1088 1088 1089 1089 1089 1087 1087 1087 1088 1088 1088 1089 1089 1089 1088 1088 1088 1090 1090 1090 1091 1091 1091 1089 1089 1089 1090 1090 1090 1091 1091 1091 1090 1090 1090 1092 1092 1092 1093 1093 1093 1091 1091 1091 1092 1092 1092 1093 1093 1093 1092 1092 1092 1094 1094 1094 1095 1095 1095 1093 1093 1093 1094 1094 1094 1095 1095 1095 1094 1094 1094 1096 1096 1096 1097 1097 1097 1095 1095 1095 1096 1096 1096 1097 1097 1097 1096 1096 1096 1098 1098 1098 1099 1099 1099 1097 1097 1097 1098 1098 1098 1099 1099 1099 1098 1098 1098 1100 1100 1100 1101 1101 1101 1099 1099 1099 1100 1100 1100 1101 1101 1101 1100 1100 1100 1102 1102 1102 1103 1103 1103 1101 1101 1101 1102 1102 1102 1103 1103 1103 1102 1102 1102 1104 1104 1104 1104 1104 1104 1102 1102 1102 1105 1105 1105 1104 1104 1104 1105 1105 1105 1106 1106 1106 1107 1107 1107 1104 1104 1104 1106 1106 1106 1107 1107 1107 1106 1106 1106 1108 1108 1108 1109 1109 1109 1107 1107 1107 1108 1108 1108 1109 1109 1109 1108 1108 1108 1110 1110 1110 1111 1111 1111 1109 1109 1109 1110 1110 1110 1111 1111 1111 1110 1110 1110 1083 1083 1083 1082 1082 1082 1111 1111 1111 1083 1083 1083 1110 1110 1110 1108 1108 1108 1083 1083 1083 1083 1083 1083 1108 1108 1108 1084 1084 1084 1100 1100 1100 1098 1098 1098 1102 1102 1102 1084 1084 1084 1108 1108 1108 1106 1106 1106 1084 1084 1084 1106 1106 1106 1086 1086 1086 1102 1102 1102 1098 1098 1098 1096 1096 1096 1102 1102 1102 1096 1096 1096 1094 1094 1094 1086 1086 1086 1106 1106 1106 1088 1088 1088 1092 1092 1092 1090 1090 1090 1105 1105 1105 1094 1094 1094 1092 1092 1092 1105 1105 1105 1094 1094 1094 1105 1105 1105 1102 1102 1102 1088 1088 1088 1106 1106 1106 1105 1105 1105 1090 1090 1090 1088 1088 1088 1105 1105 1105 1082 1082 1082 1109 1109 1109 1111 1111 1111 1085 1085 1085 1109 1109 1109 1082 1082 1082 1103 1103 1103 1099 1099 1099 1101 1101 1101 1107 1107 1107 1109 1109 1109 1085 1085 1085 1087 1087 1087 1107 1107 1107 1085 1085 1085 1097 1097 1097 1099 1099 1099 1103 1103 1103 1095 1095 1095 1097 1097 1097 1103 1103 1103 1089 1089 1089 1107 1107 1107 1087 1087 1087 1104 1104 1104 1091 1091 1091 1093 1093 1093 1104 1104 1104 1093 1093 1093 1095 1095 1095 1103 1103 1103 1104 1104 1104 1095 1095 1095 1104 1104 1104 1107 1107 1107 1089 1089 1089 1104 1104 1104 1089 1089 1089 1091 1091 1091 1114 1114 1114 1113 1113 1113 1112 1112 1112 1114 1114 1114 1112 1112 1112 1115 1115 1115 1116 1116 1116 1114 1114 1114 1115 1115 1115 1116 1116 1116 1115 1115 1115 1117 1117 1117 1118 1118 1118 1116 1116 1116 1117 1117 1117 1118 1118 1118 1117 1117 1117 1119 1119 1119 1113 1113 1113 1118 1118 1118 1119 1119 1119 1113 1113 1113 1119 1119 1119 1112 1112 1112 1116 1116 1116 1113 1113 1113 1114 1114 1114 1116 1116 1116 1118 1118 1118 1113 1113 1113 1115 1115 1115 1112 1112 1112 1117 1117 1117 1112 1112 1112 1119 1119 1119 1117 1117 1117 1120 1120 1120 876 876 876 879 879 879 1121 1121 1121 1120 1120 1120 879 879 879 1121 1121 1121 879 879 879 881 881 881 1122 1122 1122 1121 1121 1121 881 881 881 1122 1122 1122 881 881 881 883 883 883 1123 1123 1123 1122 1122 1122 883 883 883 1123 1123 1123 883 883 883 876 876 876 1120 1120 1120 1123 1123 1123 876 876 876 879 879 879 876 876 876 881 881 881 876 876 876 883 883 883 881 881 881 1122 1122 1122 1120 1120 1120 1121 1121 1121 1122 1122 1122 1123 1123 1123 1120 1120 1120 1126 1126 1126 1125 1125 1125 1124 1124 1124 1126 1126 1126 1124 1124 1124 1127 1127 1127 1128 1128 1128 1126 1126 1126 1127 1127 1127 1128 1128 1128 1127 1127 1127 1129 1129 1129 1130 1130 1130 1128 1128 1128 1129 1129 1129 1130 1130 1130 1129 1129 1129 1131 1131 1131 1125 1125 1125 1130 1130 1130 1131 1131 1131 1125 1125 1125 1131 1131 1131 1124 1124 1124 1128 1128 1128 1125 1125 1125 1126 1126 1126 1128 1128 1128 1130 1130 1130 1125 1125 1125 1127 1127 1127 1124 1124 1124 1129 1129 1129 1124 1124 1124 1131 1131 1131 1129 1129 1129 1134 1134 1134 1133 1133 1133 1132 1132 1132 1134 1134 1134 1132 1132 1132 1135 1135 1135 1136 1136 1136 1134 1134 1134 1135 1135 1135 1136 1136 1136 1135 1135 1135 1137 1137 1137 1138 1138 1138 1136 1136 1136 1137 1137 1137 1138 1138 1138 1137 1137 1137 1139 1139 1139 1133 1133 1133 1138 1138 1138 1139 1139 1139 1133 1133 1133 1139 1139 1139 1132 1132 1132 1136 1136 1136 1133 1133 1133 1134 1134 1134 1136 1136 1136 1138 1138 1138 1133 1133 1133 1135 1135 1135 1132 1132 1132 1137 1137 1137 1132 1132 1132 1139 1139 1139 1137 1137 1137 1142 1142 1142 1141 1141 1141 1140 1140 1140 1142 1142 1142 1140 1140 1140 1143 1143 1143 1144 1144 1144 1142 1142 1142 1143 1143 1143 1144 1144 1144 1143 1143 1143 1145 1145 1145 1146 1146 1146 1144 1144 1144 1145 1145 1145 1146 1146 1146 1145 1145 1145 1147 1147 1147 1141 1141 1141 1146 1146 1146 1147 1147 1147 1141 1141 1141 1147 1147 1147 1140 1140 1140 1144 1144 1144 1141 1141 1141 1142 1142 1142 1144 1144 1144 1146 1146 1146 1141 1141 1141 1143 1143 1143 1140 1140 1140 1145 1145 1145 1140 1140 1140 1147 1147 1147 1145 1145 1145 1150 1150 1150 1149 1149 1149 1148 1148 1148 1150 1150 1150 1148 1148 1148 1151 1151 1151 1152 1152 1152 1150 1150 1150 1151 1151 1151 1152 1152 1152 1151 1151 1151 1153 1153 1153 1154 1154 1154 1152 1152 1152 1153 1153 1153 1154 1154 1154 1153 1153 1153 1155 1155 1155 1149 1149 1149 1154 1154 1154 1155 1155 1155 1149 1149 1149 1155 1155 1155 1148 1148 1148 1152 1152 1152 1149 1149 1149 1150 1150 1150 1152 1152 1152 1154 1154 1154 1149 1149 1149 1151 1151 1151 1148 1148 1148 1153 1153 1153 1148 1148 1148 1155 1155 1155 1153 1153 1153 1158 1158 1158 1157 1157 1157 1156 1156 1156 1158 1158 1158 1156 1156 1156 1159 1159 1159 1160 1160 1160 1158 1158 1158 1159 1159 1159 1160 1160 1160 1159 1159 1159 1161 1161 1161 1162 1162 1162 1160 1160 1160 1161 1161 1161 1162 1162 1162 1161 1161 1161 1163 1163 1163 1157 1157 1157 1162 1162 1162 1163 1163 1163 1157 1157 1157 1163 1163 1163 1156 1156 1156 1160 1160 1160 1157 1157 1157 1158 1158 1158 1160 1160 1160 1162 1162 1162 1157 1157 1157 1159 1159 1159 1156 1156 1156 1161 1161 1161 1156 1156 1156 1163 1163 1163 1161 1161 1161 1166 1166 1166 1165 1165 1165 1164 1164 1164 1166 1166 1166 1164 1164 1164 1167 1167 1167 1168 1168 1168 1166 1166 1166 1167 1167 1167 1168 1168 1168 1167 1167 1167 1169 1169 1169 1170 1170 1170 1168 1168 1168 1169 1169 1169 1170 1170 1170 1169 1169 1169 1171 1171 1171 1165 1165 1165 1170 1170 1170 1171 1171 1171 1165 1165 1165 1171 1171 1171 1164 1164 1164 1168 1168 1168 1165 1165 1165 1166 1166 1166 1168 1168 1168 1170 1170 1170 1165 1165 1165 1167 1167 1167 1164 1164 1164 1169 1169 1169 1164 1164 1164 1171 1171 1171 1169 1169 1169 1172 1172 1172 1173 1173 1173 1174 1174 1174 1175 1175 1175 1172 1172 1172 1174 1174 1174 1175 1175 1175 1174 1174 1174 1176 1176 1176 1177 1177 1177 1175 1175 1175 1176 1176 1176 1177 1177 1177 1176 1176 1176 1178 1178 1178 1179 1179 1179 1177 1177 1177 1178 1178 1178 1179 1179 1179 1178 1178 1178 1173 1173 1173 1172 1172 1172 1179 1179 1179 1173 1173 1173 1174 1174 1174 1173 1173 1173 1176 1176 1176 1173 1173 1173 1178 1178 1178 1176 1176 1176 1177 1177 1177 1172 1172 1172 1175 1175 1175 1177 1177 1177 1179 1179 1179 1172 1172 1172 1182 1182 1182 1181 1181 1181 1180 1180 1180 1182 1182 1182 1180 1180 1180 1183 1183 1183 1184 1184 1184 1182 1182 1182 1183 1183 1183 1184 1184 1184 1183 1183 1183 1185 1185 1185 1186 1186 1186 1184 1184 1184 1185 1185 1185 1186 1186 1186 1185 1185 1185 1187 1187 1187 1181 1181 1181 1186 1186 1186 1187 1187 1187 1181 1181 1181 1187 1187 1187 1180 1180 1180 1184 1184 1184 1181 1181 1181 1182 1182 1182 1184 1184 1184 1186 1186 1186 1181 1181 1181 1183 1183 1183 1180 1180 1180 1185 1185 1185 1180 1180 1180 1187 1187 1187 1185 1185 1185 1190 1190 1190 1189 1189 1189 1188 1188 1188 1190 1190 1190 1188 1188 1188 1191 1191 1191 1192 1192 1192 1190 1190 1190 1191 1191 1191 1192 1192 1192 1191 1191 1191 1193 1193 1193 1194 1194 1194 1192 1192 1192 1193 1193 1193 1194 1194 1194 1193 1193 1193 1195 1195 1195 1189 1189 1189 1194 1194 1194 1195 1195 1195 1189 1189 1189 1195 1195 1195 1188 1188 1188 1192 1192 1192 1189 1189 1189 1190 1190 1190 1192 1192 1192 1194 1194 1194 1189 1189 1189 1191 1191 1191 1188 1188 1188 1193 1193 1193 1188 1188 1188 1195 1195 1195 1193 1193 1193 1198 1198 1198 1197 1197 1197 1196 1196 1196 1198 1198 1198 1196 1196 1196 1199 1199 1199 1200 1200 1200 1198 1198 1198 1199 1199 1199 1200 1200 1200 1199 1199 1199 1201 1201 1201 1202 1202 1202 1200 1200 1200 1201 1201 1201 1202 1202 1202 1201 1201 1201 1203 1203 1203 1197 1197 1197 1202 1202 1202 1203 1203 1203 1197 1197 1197 1203 1203 1203 1196 1196 1196 1200 1200 1200 1197 1197 1197 1198 1198 1198 1200 1200 1200 1202 1202 1202 1197 1197 1197 1199 1199 1199 1196 1196 1196 1201 1201 1201 1196 1196 1196 1203 1203 1203 1201 1201 1201 1206 1206 1206 1205 1205 1205 1204 1204 1204 1206 1206 1206 1204 1204 1204 1207 1207 1207 1208 1208 1208 1206 1206 1206 1207 1207 1207 1208 1208 1208 1207 1207 1207 1209 1209 1209 1210 1210 1210 1208 1208 1208 1209 1209 1209 1210 1210 1210 1209 1209 1209 1211 1211 1211 1205 1205 1205 1210 1210 1210 1211 1211 1211 1205 1205 1205 1211 1211 1211 1204 1204 1204 1208 1208 1208 1205 1205 1205 1206 1206 1206 1208 1208 1208 1210 1210 1210 1205 1205 1205 1207 1207 1207 1204 1204 1204 1209 1209 1209 1204 1204 1204 1211 1211 1211 1209 1209 1209 1173 1173 1173 1212 1212 1212 1213 1213 1213 1174 1174 1174 1173 1173 1173 1213 1213 1213 1174 1174 1174 1213 1213 1213 1214 1214 1214 1176 1176 1176 1174 1174 1174 1214 1214 1214 1176 1176 1176 1214 1214 1214 1215 1215 1215 1178 1178 1178 1176 1176 1176 1215 1215 1215 1178 1178 1178 1215 1215 1215 1212 1212 1212 1173 1173 1173 1178 1178 1178 1212 1212 1212 1213 1213 1213 1212 1212 1212 1214 1214 1214 1212 1212 1212 1215 1215 1215 1214 1214 1214 1176 1176 1176 1173 1173 1173 1174 1174 1174 1176 1176 1176 1178 1178 1178 1173 1173 1173 1216 1216 1216 1217 1217 1217 1218 1218 1218 1216 1216 1216 1218 1218 1218 1219 1219 1219 1220 1220 1220 1217 1217 1217 1221 1221 1221 1220 1220 1220 1218 1218 1218 1217 1217 1217 1221 1221 1221 1222 1222 1222 1223 1223 1223 1221 1221 1221 1223 1223 1223 1220 1220 1220 1224 1224 1224 1222 1222 1222 1225 1225 1225 1224 1224 1224 1223 1223 1223 1222 1222 1222 1225 1225 1225 1226 1226 1226 1227 1227 1227 1225 1225 1225 1227 1227 1227 1224 1224 1224 1228 1228 1228 1226 1226 1226 1229 1229 1229 1228 1228 1228 1227 1227 1227 1226 1226 1226 1229 1229 1229 1230 1230 1230 1231 1231 1231 1229 1229 1229 1231 1231 1231 1228 1228 1228 1232 1232 1232 1230 1230 1230 1233 1233 1233 1232 1232 1232 1231 1231 1231 1230 1230 1230 1233 1233 1233 1234 1234 1234 1235 1235 1235 1233 1233 1233 1235 1235 1235 1232 1232 1232 1236 1236 1236 1234 1234 1234 1237 1237 1237 1236 1236 1236 1235 1235 1235 1234 1234 1234 1237 1237 1237 1238 1238 1238 1239 1239 1239 1237 1237 1237 1239 1239 1239 1236 1236 1236 1240 1240 1240 1238 1238 1238 1241 1241 1241 1240 1240 1240 1239 1239 1239 1238 1238 1238 1241 1241 1241 1242 1242 1242 1243 1243 1243 1241 1241 1241 1243 1243 1243 1240 1240 1240 1244 1244 1244 1242 1242 1242 1245 1245 1245 1244 1244 1244 1243 1243 1243 1242 1242 1242 1245 1245 1245 1246 1246 1246 1247 1247 1247 1245 1245 1245 1247 1247 1247 1244 1244 1244 1248 1248 1248 1246 1246 1246 1249 1249 1249 1248 1248 1248 1247 1247 1247 1246 1246 1246 1249 1249 1249 1250 1250 1250 1251 1251 1251 1249 1249 1249 1251 1251 1251 1248 1248 1248 1252 1252 1252 1250 1250 1250 1253 1253 1253 1252 1252 1252 1251 1251 1251 1250 1250 1250 1253 1253 1253 1254 1254 1254 1255 1255 1255 1253 1253 1253 1255 1255 1255 1252 1252 1252 1256 1256 1256 1254 1254 1254 1257 1257 1257 1256 1256 1256 1255 1255 1255 1254 1254 1254 1257 1257 1257 1258 1258 1258 1259 1259 1259 1257 1257 1257 1259 1259 1259 1256 1256 1256 1260 1260 1260 1258 1258 1258 1261 1261 1261 1260 1260 1260 1259 1259 1259 1258 1258 1258 1261 1261 1261 1262 1262 1262 1263 1263 1263 1261 1261 1261 1263 1263 1263 1260 1260 1260 1264 1264 1264 1262 1262 1262 1265 1265 1265 1264 1264 1264 1263 1263 1263 1262 1262 1262 1265 1265 1265 1266 1266 1266 1267 1267 1267 1265 1265 1265 1267 1267 1267 1264 1264 1264 1268 1268 1268 1266 1266 1266 1269 1269 1269 1268 1268 1268 1267 1267 1267 1266 1266 1266 1269 1269 1269 1270 1270 1270 1271 1271 1271 1269 1269 1269 1271 1271 1271 1268 1268 1268 1272 1272 1272 1270 1270 1270 1273 1273 1273 1272 1272 1272 1271 1271 1271 1270 1270 1270 1273 1273 1273 1274 1274 1274 1275 1275 1275 1273 1273 1273 1275 1275 1275 1272 1272 1272 1276 1276 1276 1274 1274 1274 1277 1277 1277 1276 1276 1276 1275 1275 1275 1274 1274 1274 1278 1278 1278 1277 1277 1277 1279 1279 1279 1278 1278 1278 1276 1276 1276 1277 1277 1277 1279 1279 1279 1280 1280 1280 1281 1281 1281 1279 1279 1279 1281 1281 1281 1278 1278 1278 1219 1219 1219 1280 1280 1280 1216 1216 1216 1219 1219 1219 1281 1281 1281 1280 1280 1280 1278 1278 1278 1275 1275 1275 1276 1276 1276 1272 1272 1272 1275 1275 1275 1278 1278 1278 1268 1268 1268 1271 1271 1271 1272 1272 1272 1264 1264 1264 1267 1267 1267 1268 1268 1268 1260 1260 1260 1263 1263 1263 1264 1264 1264 1256 1256 1256 1259 1259 1259 1260 1260 1260 1252 1252 1252 1255 1255 1255 1256 1256 1256 1248 1248 1248 1251 1251 1251 1252 1252 1252 1244 1244 1244 1247 1247 1247 1248 1248 1248 1240 1240 1240 1243 1243 1243 1244 1244 1244 1236 1236 1236 1239 1239 1239 1240 1240 1240 1232 1232 1232 1235 1235 1235 1236 1236 1236 1228 1228 1228 1231 1231 1231 1232 1232 1232 1224 1224 1224 1227 1227 1227 1228 1228 1228 1220 1220 1220 1223 1223 1223 1224 1224 1224 1219 1219 1219 1218 1218 1218 1220 1220 1220 1281 1281 1281 1219 1219 1219 1220 1220 1220 1278 1278 1278 1281 1281 1281 1268 1268 1268 1268 1268 1268 1281 1281 1281 1264 1264 1264 1264 1264 1264 1281 1281 1281 1260 1260 1260 1260 1260 1260 1281 1281 1281 1256 1256 1256 1256 1256 1256 1281 1281 1281 1252 1252 1252 1252 1252 1252 1281 1281 1281 1248 1248 1248 1248 1248 1248 1281 1281 1281 1244 1244 1244 1244 1244 1244 1281 1281 1281 1240 1240 1240 1240 1240 1240 1281 1281 1281 1236 1236 1236 1236 1236 1236 1281 1281 1281 1232 1232 1232 1232 1232 1232 1281 1281 1281 1228 1228 1228 1228 1228 1228 1281 1281 1281 1224 1224 1224 1224 1224 1224 1281 1281 1281 1220 1220 1220 1278 1278 1278 1268 1268 1268 1272 1272 1272 1274 1274 1274 1279 1279 1279 1277 1277 1277 1273 1273 1273 1279 1279 1279 1274 1274 1274 1269 1269 1269 1273 1273 1273 1270 1270 1270 1265 1265 1265 1269 1269 1269 1266 1266 1266 1261 1261 1261 1265 1265 1265 1262 1262 1262 1257 1257 1257 1261 1261 1261 1258 1258 1258 1253 1253 1253 1257 1257 1257 1254 1254 1254 1249 1249 1249 1253 1253 1253 1250 1250 1250 1245 1245 1245 1249 1249 1249 1246 1246 1246 1241 1241 1241 1245 1245 1245 1242 1242 1242 1237 1237 1237 1241 1241 1241 1238 1238 1238 1233 1233 1233 1237 1237 1237 1234 1234 1234 1229 1229 1229 1233 1233 1233 1230 1230 1230 1225 1225 1225 1229 1229 1229 1226 1226 1226 1221 1221 1221 1225 1225 1225 1222 1222 1222 1216 1216 1216 1221 1221 1221 1217 1217 1217 1216 1216 1216 1280 1280 1280 1221 1221 1221 1280 1280 1280 1279 1279 1279 1269 1269 1269 1269 1269 1269 1279 1279 1279 1273 1273 1273 1280 1280 1280 1269 1269 1269 1265 1265 1265 1280 1280 1280 1265 1265 1265 1261 1261 1261 1280 1280 1280 1261 1261 1261 1257 1257 1257 1280 1280 1280 1257 1257 1257 1253 1253 1253 1280 1280 1280 1253 1253 1253 1249 1249 1249 1280 1280 1280 1249 1249 1249 1245 1245 1245 1280 1280 1280 1245 1245 1245 1241 1241 1241 1280 1280 1280 1241 1241 1241 1237 1237 1237 1280 1280 1280 1237 1237 1237 1233 1233 1233 1280 1280 1280 1233 1233 1233 1229 1229 1229 1280 1280 1280 1229 1229 1229 1225 1225 1225 1280 1280 1280 1225 1225 1225 1221 1221 1221 1284 1284 1284 1283 1283 1283 1282 1282 1282 1284 1284 1284 1282 1282 1282 1285 1285 1285 1286 1286 1286 1284 1284 1284 1285 1285 1285 1286 1286 1286 1285 1285 1285 1287 1287 1287 1288 1288 1288 1286 1286 1286 1287 1287 1287 1288 1288 1288 1287 1287 1287 1289 1289 1289 1283 1283 1283 1288 1288 1288 1289 1289 1289 1283 1283 1283 1289 1289 1289 1282 1282 1282 1286 1286 1286 1283 1283 1283 1284 1284 1284 1286 1286 1286 1288 1288 1288 1283 1283 1283 1285 1285 1285 1282 1282 1282 1287 1287 1287 1282 1282 1282 1289 1289 1289 1287 1287 1287 1292 1292 1292 1291 1291 1291 1290 1290 1290 1292 1292 1292 1290 1290 1290 1293 1293 1293 1294 1294 1294 1292 1292 1292 1293 1293 1293 1294 1294 1294 1293 1293 1293 1295 1295 1295 1296 1296 1296 1294 1294 1294 1295 1295 1295 1296 1296 1296 1295 1295 1295 1297 1297 1297 1291 1291 1291 1296 1296 1296 1297 1297 1297 1291 1291 1291 1297 1297 1297 1290 1290 1290 1294 1294 1294 1291 1291 1291 1292 1292 1292 1294 1294 1294 1296 1296 1296 1291 1291 1291 1293 1293 1293 1290 1290 1290 1295 1295 1295 1290 1290 1290 1297 1297 1297 1295 1295 1295 1043 1043 1043 1298 1298 1298 1299 1299 1299 1044 1044 1044 1043 1043 1043 1299 1299 1299 1044 1044 1044 1299 1299 1299 1300 1300 1300 1046 1046 1046 1044 1044 1044 1300 1300 1300 1046 1046 1046 1300 1300 1300 1301 1301 1301 1048 1048 1048 1046 1046 1046 1301 1301 1301 1048 1048 1048 1301 1301 1301 1298 1298 1298 1043 1043 1043 1048 1048 1048 1298 1298 1298 1299 1299 1299 1298 1298 1298 1300 1300 1300 1298 1298 1298 1301 1301 1301 1300 1300 1300 1046 1046 1046 1043 1043 1043 1044 1044 1044 1046 1046 1046 1048 1048 1048 1043 1043 1043 1304 1304 1304 1303 1303 1303 1302 1302 1302 1304 1304 1304 1302 1302 1302 1305 1305 1305 1306 1306 1306 1304 1304 1304 1305 1305 1305 1306 1306 1306 1305 1305 1305 1307 1307 1307 1308 1308 1308 1306 1306 1306 1307 1307 1307 1308 1308 1308 1307 1307 1307 1309 1309 1309 1303 1303 1303 1308 1308 1308 1309 1309 1309 1303 1303 1303 1309 1309 1309 1302 1302 1302 1306 1306 1306 1303 1303 1303 1304 1304 1304 1306 1306 1306 1308 1308 1308 1303 1303 1303 1305 1305 1305 1302 1302 1302 1307 1307 1307 1302 1302 1302 1309 1309 1309 1307 1307 1307 1310 1310 1310 1311 1311 1311 1312 1312 1312 1313 1313 1313 1310 1310 1310 1312 1312 1312 1313 1313 1313 1312 1312 1312 1314 1314 1314 1315 1315 1315 1313 1313 1313 1314 1314 1314 1315 1315 1315 1314 1314 1314 1316 1316 1316 1317 1317 1317 1315 1315 1315 1316 1316 1316 1317 1317 1317 1316 1316 1316 1318 1318 1318 1319 1319 1319 1317 1317 1317 1318 1318 1318 1319 1319 1319 1318 1318 1318 1320 1320 1320 1321 1321 1321 1319 1319 1319 1320 1320 1320 1321 1321 1321 1320 1320 1320 1322 1322 1322 1323 1323 1323 1321 1321 1321 1322 1322 1322 1323 1323 1323 1322 1322 1322 1324 1324 1324 1325 1325 1325 1323 1323 1323 1324 1324 1324 1325 1325 1325 1324 1324 1324 1326 1326 1326 1327 1327 1327 1325 1325 1325 1326 1326 1326 1327 1327 1327 1326 1326 1326 1328 1328 1328 1329 1329 1329 1327 1327 1327 1328 1328 1328 1329 1329 1329 1328 1328 1328 1330 1330 1330 1331 1331 1331 1329 1329 1329 1330 1330 1330 1331 1331 1331 1330 1330 1330 1332 1332 1332 1333 1333 1333 1331 1331 1331 1332 1332 1332 1333 1333 1333 1332 1332 1332 1334 1334 1334 1335 1335 1335 1333 1333 1333 1334 1334 1334 1335 1335 1335 1334 1334 1334 1336 1336 1336 1337 1337 1337 1335 1335 1335 1336 1336 1336 1337 1337 1337 1336 1336 1336 1338 1338 1338 1339 1339 1339 1337 1337 1337 1338 1338 1338 1339 1339 1339 1338 1338 1338 1340 1340 1340 1341 1341 1341 1339 1339 1339 1340 1340 1340 1341 1341 1341 1340 1340 1340 1342 1342 1342 1343 1343 1343 1341 1341 1341 1342 1342 1342 1343 1343 1343 1342 1342 1342 1344 1344 1344 1345 1345 1345 1343 1343 1343 1344 1344 1344 1345 1345 1345 1344 1344 1344 1346 1346 1346 1347 1347 1347 1345 1345 1345 1346 1346 1346 1347 1347 1347 1346 1346 1346 1311 1311 1311 1310 1310 1310 1347 1347 1347 1311 1311 1311 1340 1340 1340 1318 1318 1318 1316 1316 1316 1340 1340 1340 1316 1316 1316 1314 1314 1314 1338 1338 1338 1336 1336 1336 1328 1328 1328 1322 1322 1322 1320 1320 1320 1326 1326 1326 1320 1320 1320 1338 1338 1338 1326 1326 1326 1338 1338 1338 1328 1328 1328 1326 1326 1326 1322 1322 1322 1326 1326 1326 1324 1324 1324 1314 1314 1314 1312 1312 1312 1342 1342 1342 1340 1340 1340 1314 1314 1314 1342 1342 1342 1342 1342 1342 1312 1312 1312 1311 1311 1311 1328 1328 1328 1336 1336 1336 1330 1330 1330 1330 1330 1330 1336 1336 1336 1334 1334 1334 1330 1330 1330 1334 1334 1334 1332 1332 1332 1311 1311 1311 1346 1346 1346 1344 1344 1344 1342 1342 1342 1311 1311 1311 1344 1344 1344 1320 1320 1320 1340 1340 1340 1338 1338 1338 1318 1318 1318 1340 1340 1340 1320 1320 1320 1317 1317 1317 1319 1319 1319 1341 1341 1341 1315 1315 1315 1317 1317 1317 1341 1341 1341 1329 1329 1329 1337 1337 1337 1339 1339 1339 1327 1327 1327 1321 1321 1321 1323 1323 1323 1327 1327 1327 1339 1339 1339 1321 1321 1321 1327 1327 1327 1329 1329 1329 1339 1339 1339 1325 1325 1325 1327 1327 1327 1323 1323 1323 1343 1343 1343 1313 1313 1313 1315 1315 1315 1343 1343 1343 1315 1315 1315 1341 1341 1341 1310 1310 1310 1313 1313 1313 1343 1343 1343 1331 1331 1331 1337 1337 1337 1329 1329 1329 1335 1335 1335 1337 1337 1337 1331 1331 1331 1333 1333 1333 1335 1335 1335 1331 1331 1331 1345 1345 1345 1347 1347 1347 1310 1310 1310 1345 1345 1345 1310 1310 1310 1343 1343 1343 1339 1339 1339 1341 1341 1341 1321 1321 1321 1321 1321 1321 1341 1341 1341 1319 1319 1319 1350 1350 1350 1349 1349 1349 1348 1348 1348 1350 1350 1350 1348 1348 1348 1351 1351 1351 1352 1352 1352 1350 1350 1350 1351 1351 1351 1352 1352 1352 1351 1351 1351 1353 1353 1353 1354 1354 1354 1352 1352 1352 1353 1353 1353 1354 1354 1354 1353 1353 1353 1355 1355 1355 1349 1349 1349 1354 1354 1354 1355 1355 1355 1349 1349 1349 1355 1355 1355 1348 1348 1348 1352 1352 1352 1349 1349 1349 1350 1350 1350 1352 1352 1352 1354 1354 1354 1349 1349 1349 1351 1351 1351 1348 1348 1348 1353 1353 1353 1348 1348 1348 1355 1355 1355 1353 1353 1353 1358 1358 1358 1357 1357 1357 1356 1356 1356 1358 1358 1358 1356 1356 1356 1359 1359 1359 1360 1360 1360 1358 1358 1358 1359 1359 1359 1360 1360 1360 1359 1359 1359 1361 1361 1361 1362 1362 1362 1360 1360 1360 1361 1361 1361 1362 1362 1362 1361 1361 1361 1363 1363 1363 1357 1357 1357 1362 1362 1362 1363 1363 1363 1357 1357 1357 1363 1363 1363 1356 1356 1356 1360 1360 1360 1357 1357 1357 1358 1358 1358 1360 1360 1360 1362 1362 1362 1357 1357 1357 1359 1359 1359 1356 1356 1356 1361 1361 1361 1356 1356 1356 1363 1363 1363 1361 1361 1361 1364 1364 1364 1365 1365 1365 1366 1366 1366 1367 1367 1367 1364 1364 1364 1366 1366 1366 1367 1367 1367 1366 1366 1366 1368 1368 1368 1369 1369 1369 1367 1367 1367 1368 1368 1368 1369 1369 1369 1368 1368 1368 1370 1370 1370 1371 1371 1371 1369 1369 1369 1370 1370 1370 1371 1371 1371 1370 1370 1370 1365 1365 1365 1364 1364 1364 1371 1371 1371 1365 1365 1365 1366 1366 1366 1365 1365 1365 1368 1368 1368 1365 1365 1365 1370 1370 1370 1368 1368 1368 1369 1369 1369 1364 1364 1364 1367 1367 1367 1369 1369 1369 1371 1371 1371 1364 1364 1364 1374 1374 1374 1373 1373 1373 1372 1372 1372 1374 1374 1374 1372 1372 1372 1375 1375 1375 1376 1376 1376 1374 1374 1374 1375 1375 1375 1376 1376 1376 1375 1375 1375 1377 1377 1377 1378 1378 1378 1376 1376 1376 1377 1377 1377 1378 1378 1378 1377 1377 1377 1379 1379 1379 1373 1373 1373 1378 1378 1378 1379 1379 1379 1373 1373 1373 1379 1379 1379 1372 1372 1372 1376 1376 1376 1373 1373 1373 1374 1374 1374 1376 1376 1376 1378 1378 1378 1373 1373 1373 1375 1375 1375 1372 1372 1372 1377 1377 1377 1372 1372 1372 1379 1379 1379 1377 1377 1377 1380 1380 1380 1381 1381 1381 1382 1382 1382 1383 1383 1383 1380 1380 1380 1382 1382 1382 1383 1383 1383 1382 1382 1382 1384 1384 1384 1385 1385 1385 1383 1383 1383 1384 1384 1384 1385 1385 1385 1384 1384 1384 1386 1386 1386 1387 1387 1387 1385 1385 1385 1386 1386 1386 1387 1387 1387 1386 1386 1386 1381 1381 1381 1380 1380 1380 1387 1387 1387 1381 1381 1381 1382 1382 1382 1381 1381 1381 1384 1384 1384 1381 1381 1381 1386 1386 1386 1384 1384 1384 1385 1385 1385 1380 1380 1380 1383 1383 1383 1385 1385 1385 1387 1387 1387 1380 1380 1380 1388 1388 1388 1389 1389 1389 1390 1390 1390 1391 1391 1391 1388 1388 1388 1390 1390 1390 1391 1391 1391 1390 1390 1390 1392 1392 1392 1393 1393 1393 1391 1391 1391 1392 1392 1392 1393 1393 1393 1392 1392 1392 1394 1394 1394 1395 1395 1395 1393 1393 1393 1394 1394 1394 1395 1395 1395 1394 1394 1394 1389 1389 1389 1388 1388 1388 1395 1395 1395 1389 1389 1389 1390 1390 1390 1389 1389 1389 1392 1392 1392 1389 1389 1389 1394 1394 1394 1392 1392 1392 1393 1393 1393 1388 1388 1388 1391 1391 1391 1393 1393 1393 1395 1395 1395 1388 1388 1388 1396 1396 1396 1397 1397 1397 1398 1398 1398 1399 1399 1399 1396 1396 1396 1398 1398 1398 1399 1399 1399 1398 1398 1398 1400 1400 1400 1401 1401 1401 1399 1399 1399 1400 1400 1400 1401 1401 1401 1400 1400 1400 1402 1402 1402 1403 1403 1403 1401 1401 1401 1402 1402 1402 1403 1403 1403 1402 1402 1402 1397 1397 1397 1396 1396 1396 1403 1403 1403 1397 1397 1397 1398 1398 1398 1397 1397 1397 1400 1400 1400 1397 1397 1397 1402 1402 1402 1400 1400 1400 1401 1401 1401 1396 1396 1396 1399 1399 1399 1401 1401 1401 1403 1403 1403 1396 1396 1396 1404 1404 1404 1405 1405 1405 1406 1406 1406 1407 1407 1407 1404 1404 1404 1406 1406 1406 1407 1407 1407 1406 1406 1406 1408 1408 1408 1409 1409 1409 1407 1407 1407 1408 1408 1408 1409 1409 1409 1408 1408 1408 1410 1410 1410 1411 1411 1411 1409 1409 1409 1410 1410 1410 1411 1411 1411 1410 1410 1410 1405 1405 1405 1404 1404 1404 1411 1411 1411 1405 1405 1405 1406 1406 1406 1405 1405 1405 1408 1408 1408 1405 1405 1405 1410 1410 1410 1408 1408 1408 1409 1409 1409 1404 1404 1404 1407 1407 1407 1409 1409 1409 1411 1411 1411 1404 1404 1404 1412 1412 1412 1413 1413 1413 1414 1414 1414 1415 1415 1415 1412 1412 1412 1414 1414 1414 1415 1415 1415 1414 1414 1414 1416 1416 1416 1417 1417 1417 1415 1415 1415 1416 1416 1416 1417 1417 1417 1416 1416 1416 1418 1418 1418 1419 1419 1419 1417 1417 1417 1418 1418 1418 1419 1419 1419 1418 1418 1418 1413 1413 1413 1412 1412 1412 1419 1419 1419 1413 1413 1413 1414 1414 1414 1413 1413 1413 1416 1416 1416 1413 1413 1413 1418 1418 1418 1416 1416 1416 1417 1417 1417 1412 1412 1412 1415 1415 1415 1417 1417 1417 1419 1419 1419 1412 1412 1412 1420 1420 1420 1421 1421 1421 1422 1422 1422 1423 1423 1423 1420 1420 1420 1422 1422 1422 1423 1423 1423 1422 1422 1422 1424 1424 1424 1425 1425 1425 1423 1423 1423 1424 1424 1424 1425 1425 1425 1424 1424 1424 1426 1426 1426 1427 1427 1427 1425 1425 1425 1426 1426 1426 1427 1427 1427 1426 1426 1426 1421 1421 1421 1420 1420 1420 1427 1427 1427 1421 1421 1421 1422 1422 1422 1421 1421 1421 1424 1424 1424 1421 1421 1421 1426 1426 1426 1424 1424 1424 1425 1425 1425 1420 1420 1420 1423 1423 1423 1425 1425 1425 1427 1427 1427 1420 1420 1420 1428 1428 1428 1429 1429 1429 1430 1430 1430 1431 1431 1431 1428 1428 1428 1430 1430 1430 1431 1431 1431 1430 1430 1430 1432 1432 1432 1433 1433 1433 1431 1431 1431 1432 1432 1432 1433 1433 1433 1432 1432 1432 1434 1434 1434 1435 1435 1435 1433 1433 1433 1434 1434 1434 1435 1435 1435 1434 1434 1434 1429 1429 1429 1428 1428 1428 1435 1435 1435 1429 1429 1429 1430 1430 1430 1429 1429 1429 1432 1432 1432 1429 1429 1429 1434 1434 1434 1432 1432 1432 1433 1433 1433 1428 1428 1428 1431 1431 1431 1433 1433 1433 1435 1435 1435 1428 1428 1428 1436 1436 1436 1437 1437 1437 1438 1438 1438 1439 1439 1439 1436 1436 1436 1438 1438 1438 1439 1439 1439 1438 1438 1438 1440 1440 1440 1441 1441 1441 1439 1439 1439 1440 1440 1440 1441 1441 1441 1440 1440 1440 1442 1442 1442 1443 1443 1443 1441 1441 1441 1442 1442 1442 1443 1443 1443 1442 1442 1442 1437 1437 1437 1436 1436 1436 1443 1443 1443 1437 1437 1437 1438 1438 1438 1437 1437 1437 1440 1440 1440 1437 1437 1437 1442 1442 1442 1440 1440 1440 1441 1441 1441 1436 1436 1436 1439 1439 1439 1441 1441 1441 1443 1443 1443 1436 1436 1436 1444 1444 1444 1445 1445 1445 1446 1446 1446 1447 1447 1447 1444 1444 1444 1446 1446 1446 1447 1447 1447 1446 1446 1446 1448 1448 1448 1449 1449 1449 1447 1447 1447 1448 1448 1448 1449 1449 1449 1448 1448 1448 1450 1450 1450 1451 1451 1451 1449 1449 1449 1450 1450 1450 1451 1451 1451 1450 1450 1450 1445 1445 1445 1444 1444 1444 1451 1451 1451 1445 1445 1445 1446 1446 1446 1445 1445 1445 1448 1448 1448 1445 1445 1445 1450 1450 1450 1448 1448 1448 1449 1449 1449 1444 1444 1444 1447 1447 1447 1449 1449 1449 1451 1451 1451 1444 1444 1444 1452 1452 1452 1453 1453 1453 1454 1454 1454 1455 1455 1455 1452 1452 1452 1454 1454 1454 1455 1455 1455 1454 1454 1454 1456 1456 1456 1457 1457 1457 1455 1455 1455 1456 1456 1456 1457 1457 1457 1456 1456 1456 1458 1458 1458 1459 1459 1459 1457 1457 1457 1458 1458 1458 1459 1459 1459 1458 1458 1458 1453 1453 1453 1452 1452 1452 1459 1459 1459 1453 1453 1453 1454 1454 1454 1453 1453 1453 1456 1456 1456 1453 1453 1453 1458 1458 1458 1456 1456 1456 1457 1457 1457 1452 1452 1452 1455 1455 1455 1457 1457 1457 1459 1459 1459 1452 1452 1452 1460 1460 1460 1461 1461 1461 1462 1462 1462 1463 1463 1463 1460 1460 1460 1462 1462 1462 1463 1463 1463 1462 1462 1462 1464 1464 1464 1465 1465 1465 1463 1463 1463 1464 1464 1464 1465 1465 1465 1464 1464 1464 1466 1466 1466 1467 1467 1467 1465 1465 1465 1466 1466 1466 1467 1467 1467 1466 1466 1466 1461 1461 1461 1460 1460 1460 1467 1467 1467 1461 1461 1461 1462 1462 1462 1461 1461 1461 1464 1464 1464 1461 1461 1461 1466 1466 1466 1464 1464 1464 1465 1465 1465 1460 1460 1460 1463 1463 1463 1465 1465 1465 1467 1467 1467 1460 1460 1460 1468 1468 1468 1469 1469 1469 1470 1470 1470 1471 1471 1471 1468 1468 1468 1470 1470 1470 1471 1471 1471 1470 1470 1470 1472 1472 1472 1473 1473 1473 1471 1471 1471 1472 1472 1472 1473 1473 1473 1472 1472 1472 1474 1474 1474 1475 1475 1475 1473 1473 1473 1474 1474 1474 1475 1475 1475 1474 1474 1474 1469 1469 1469 1468 1468 1468 1475 1475 1475 1469 1469 1469 1470 1470 1470 1469 1469 1469 1472 1472 1472 1469 1469 1469 1474 1474 1474 1472 1472 1472 1473 1473 1473 1468 1468 1468 1471 1471 1471 1473 1473 1473 1475 1475 1475 1468 1468 1468 1476 1476 1476 1477 1477 1477 1478 1478 1478 1479 1479 1479 1476 1476 1476 1478 1478 1478 1479 1479 1479 1478 1478 1478 1480 1480 1480 1481 1481 1481 1479 1479 1479 1480 1480 1480 1481 1481 1481 1480 1480 1480 1482 1482 1482 1483 1483 1483 1481 1481 1481 1482 1482 1482 1483 1483 1483 1482 1482 1482 1477 1477 1477 1476 1476 1476 1483 1483 1483 1477 1477 1477 1478 1478 1478 1477 1477 1477 1480 1480 1480 1477 1477 1477 1482 1482 1482 1480 1480 1480 1481 1481 1481 1476 1476 1476 1479 1479 1479 1481 1481 1481 1483 1483 1483 1476 1476 1476 1484 1484 1484 1485 1485 1485 1486 1486 1486 1487 1487 1487 1484 1484 1484 1486 1486 1486 1487 1487 1487 1486 1486 1486 1488 1488 1488 1489 1489 1489 1487 1487 1487 1488 1488 1488 1489 1489 1489 1488 1488 1488 1490 1490 1490 1491 1491 1491 1489 1489 1489 1490 1490 1490 1491 1491 1491 1490 1490 1490 1485 1485 1485 1484 1484 1484 1491 1491 1491 1485 1485 1485 1486 1486 1486 1485 1485 1485 1488 1488 1488 1485 1485 1485 1490 1490 1490 1488 1488 1488 1489 1489 1489 1484 1484 1484 1487 1487 1487 1489 1489 1489 1491 1491 1491 1484 1484 1484 1492 1492 1492 1493 1493 1493 1494 1494 1494 1495 1495 1495 1492 1492 1492 1494 1494 1494 1495 1495 1495 1494 1494 1494 1496 1496 1496 1497 1497 1497 1495 1495 1495 1496 1496 1496 1497 1497 1497 1496 1496 1496 1498 1498 1498 1499 1499 1499 1497 1497 1497 1498 1498 1498 1499 1499 1499 1498 1498 1498 1493 1493 1493 1492 1492 1492 1499 1499 1499 1493 1493 1493 1494 1494 1494 1493 1493 1493 1496 1496 1496 1493 1493 1493 1498 1498 1498 1496 1496 1496 1497 1497 1497 1492 1492 1492 1495 1495 1495 1497 1497 1497 1499 1499 1499 1492 1492 1492 1500 1500 1500 1501 1501 1501 1502 1502 1502 1503 1503 1503 1500 1500 1500 1502 1502 1502 1503 1503 1503 1502 1502 1502 1504 1504 1504 1505 1505 1505 1503 1503 1503 1504 1504 1504 1505 1505 1505 1504 1504 1504 1506 1506 1506 1507 1507 1507 1505 1505 1505 1506 1506 1506 1507 1507 1507 1506 1506 1506 1501 1501 1501 1500 1500 1500 1507 1507 1507 1501 1501 1501 1502 1502 1502 1501 1501 1501 1504 1504 1504 1501 1501 1501 1506 1506 1506 1504 1504 1504 1505 1505 1505 1500 1500 1500 1503 1503 1503 1505 1505 1505 1507 1507 1507 1500 1500 1500 1508 1508 1508 1509 1509 1509 1510 1510 1510 1511 1511 1511 1508 1508 1508 1510 1510 1510 1511 1511 1511 1510 1510 1510 1512 1512 1512 1513 1513 1513 1511 1511 1511 1512 1512 1512 1513 1513 1513 1512 1512 1512 1514 1514 1514 1515 1515 1515 1513 1513 1513 1514 1514 1514 1515 1515 1515 1514 1514 1514 1509 1509 1509 1508 1508 1508 1515 1515 1515 1509 1509 1509 1510 1510 1510 1509 1509 1509 1512 1512 1512 1509 1509 1509 1514 1514 1514 1512 1512 1512 1513 1513 1513 1508 1508 1508 1511 1511 1511 1513 1513 1513 1515 1515 1515 1508 1508 1508 1516 1516 1516 1517 1517 1517 1518 1518 1518 1519 1519 1519 1516 1516 1516 1518 1518 1518 1519 1519 1519 1518 1518 1518 1520 1520 1520 1521 1521 1521 1519 1519 1519 1520 1520 1520 1521 1521 1521 1520 1520 1520 1522 1522 1522 1523 1523 1523 1521 1521 1521 1522 1522 1522 1523 1523 1523 1522 1522 1522 1517 1517 1517 1516 1516 1516 1523 1523 1523 1517 1517 1517 1518 1518 1518 1517 1517 1517 1520 1520 1520 1517 1517 1517 1522 1522 1522 1520 1520 1520 1521 1521 1521 1516 1516 1516 1519 1519 1519 1521 1521 1521 1523 1523 1523 1516 1516 1516 1524 1524 1524 1525 1525 1525 1526 1526 1526 1527 1527 1527 1524 1524 1524 1526 1526 1526 1527 1527 1527 1526 1526 1526 1528 1528 1528 1529 1529 1529 1527 1527 1527 1528 1528 1528 1529 1529 1529 1528 1528 1528 1530 1530 1530 1531 1531 1531 1529 1529 1529 1530 1530 1530 1531 1531 1531 1530 1530 1530 1525 1525 1525 1524 1524 1524 1531 1531 1531 1525 1525 1525 1526 1526 1526 1525 1525 1525 1528 1528 1528 1525 1525 1525 1530 1530 1530 1528 1528 1528 1529 1529 1529 1524 1524 1524 1527 1527 1527 1529 1529 1529 1531 1531 1531 1524 1524 1524 1532 1532 1532 1533 1533 1533 1534 1534 1534 1535 1535 1535 1532 1532 1532 1534 1534 1534 1535 1535 1535 1534 1534 1534 1536 1536 1536 1537 1537 1537 1535 1535 1535 1536 1536 1536 1537 1537 1537 1536 1536 1536 1538 1538 1538 1539 1539 1539 1537 1537 1537 1538 1538 1538 1539 1539 1539 1538 1538 1538 1533 1533 1533 1532 1532 1532 1539 1539 1539 1533 1533 1533 1534 1534 1534 1533 1533 1533 1536 1536 1536 1533 1533 1533 1538 1538 1538 1536 1536 1536 1537 1537 1537 1532 1532 1532 1535 1535 1535 1537 1537 1537 1539 1539 1539 1532 1532 1532 1540 1540 1540 1541 1541 1541 1542 1542 1542 1543 1543 1543 1540 1540 1540 1542 1542 1542 1543 1543 1543 1542 1542 1542 1544 1544 1544 1545 1545 1545 1543 1543 1543 1544 1544 1544 1545 1545 1545 1544 1544 1544 1546 1546 1546 1547 1547 1547 1545 1545 1545 1546 1546 1546 1547 1547 1547 1546 1546 1546 1541 1541 1541 1540 1540 1540 1547 1547 1547 1541 1541 1541 1542 1542 1542 1541 1541 1541 1544 1544 1544 1541 1541 1541 1546 1546 1546 1544 1544 1544 1545 1545 1545 1540 1540 1540 1543 1543 1543 1545 1545 1545 1547 1547 1547 1540 1540 1540 1548 1548 1548 1549 1549 1549 1550 1550 1550 1551 1551 1551 1548 1548 1548 1550 1550 1550 1551 1551 1551 1550 1550 1550 1552 1552 1552 1553 1553 1553 1551 1551 1551 1552 1552 1552 1553 1553 1553 1552 1552 1552 1554 1554 1554 1555 1555 1555 1553 1553 1553 1554 1554 1554 1555 1555 1555 1554 1554 1554 1549 1549 1549 1548 1548 1548 1555 1555 1555 1549 1549 1549 1550 1550 1550 1549 1549 1549 1552 1552 1552 1549 1549 1549 1554 1554 1554 1552 1552 1552 1553 1553 1553 1548 1548 1548 1551 1551 1551 1553 1553 1553 1555 1555 1555 1548 1548 1548 1556 1556 1556 1557 1557 1557 1558 1558 1558 1559 1559 1559 1556 1556 1556 1558 1558 1558 1559 1559 1559 1558 1558 1558 1560 1560 1560 1561 1561 1561 1559 1559 1559 1560 1560 1560 1561 1561 1561 1560 1560 1560 1562 1562 1562 1563 1563 1563 1561 1561 1561 1562 1562 1562 1563 1563 1563 1562 1562 1562 1557 1557 1557 1556 1556 1556 1563 1563 1563 1557 1557 1557 1558 1558 1558 1557 1557 1557 1560 1560 1560 1557 1557 1557 1562 1562 1562 1560 1560 1560 1561 1561 1561 1556 1556 1556 1559 1559 1559 1561 1561 1561 1563 1563 1563 1556 1556 1556 1564 1564 1564 1565 1565 1565 1566 1566 1566 1567 1567 1567 1564 1564 1564 1566 1566 1566 1567 1567 1567 1566 1566 1566 1568 1568 1568 1569 1569 1569 1567 1567 1567 1568 1568 1568 1569 1569 1569 1568 1568 1568 1570 1570 1570 1571 1571 1571 1569 1569 1569 1570 1570 1570 1571 1571 1571 1570 1570 1570 1565 1565 1565 1564 1564 1564 1571 1571 1571 1565 1565 1565 1566 1566 1566 1565 1565 1565 1568 1568 1568 1565 1565 1565 1570 1570 1570 1568 1568 1568 1569 1569 1569 1564 1564 1564 1567 1567 1567 1569 1569 1569 1571 1571 1571 1564 1564 1564 1572 1572 1572 1573 1573 1573 1574 1574 1574 1575 1575 1575 1572 1572 1572 1574 1574 1574 1575 1575 1575 1574 1574 1574 1576 1576 1576 1577 1577 1577 1575 1575 1575 1576 1576 1576 1577 1577 1577 1576 1576 1576 1578 1578 1578 1579 1579 1579 1577 1577 1577 1578 1578 1578 1579 1579 1579 1578 1578 1578 1573 1573 1573 1572 1572 1572 1579 1579 1579 1573 1573 1573 1574 1574 1574 1573 1573 1573 1576 1576 1576 1573 1573 1573 1578 1578 1578 1576 1576 1576 1577 1577 1577 1572 1572 1572 1575 1575 1575 1577 1577 1577 1579 1579 1579 1572 1572 1572</p>
        </triangles>
      </mesh>
    </geometry>
  </library_geometries>
  <library_materials>
    <material id="69bbee8abe324d6cb8173c16b2713cfa" name="pbrmaterial">
      <instance_effect url="#c8f6bf9ba50f492ba017355faa016c46"/>
    </material>
  </library_materials>
  <library_visual_scenes>
    <visual_scene id="scene">
      <node id="node0" name="node0">
        <instance_geometry url="#82bc2181fbf34356a9e8ff29ea3381f0">
          <bind_material>
            <technique_common>
              <instance_material symbol="material0" target="#69bbee8abe324d6cb8173c16b2713cfa"/>
            </technique_common>
          </bind_material>
        </instance_geometry>
      </node>
    </visual_scene>
  </library_visual_scenes>
  <scene>
    <instance_visual_scene url="#scene"/>
  </scene>
</COLLADA>
